-- phpMyAdmin SQL Dump
-- version 5.1.1
-- https://www.phpmyadmin.net/
--
-- Хост: 127.0.0.1
-- Время создания: Фев 27 2022 г., 15:05
-- Версия сервера: 10.4.22-MariaDB
-- Версия PHP: 8.1.2

SET SQL_MODE = "NO_AUTO_VALUE_ON_ZERO";
START TRANSACTION;
SET time_zone = "+00:00";


/*!40101 SET @OLD_CHARACTER_SET_CLIENT=@@CHARACTER_SET_CLIENT */;
/*!40101 SET @OLD_CHARACTER_SET_RESULTS=@@CHARACTER_SET_RESULTS */;
/*!40101 SET @OLD_COLLATION_CONNECTION=@@COLLATION_CONNECTION */;
/*!40101 SET NAMES utf8mb4 */;

--
-- База данных: `new_mode`
--

-- --------------------------------------------------------

--
-- Структура таблицы `accounts`
--

CREATE TABLE `accounts` (
  `pMySQL_ID` int(11) NOT NULL,
  `pName` varchar(20) NOT NULL,
  `pPassword` varchar(64) NOT NULL,
  `pSalt` varchar(16) NOT NULL,
  `pLogged` tinyint(4) NOT NULL,
  `pVK` varchar(32) NOT NULL,
  `pIP_reg` varchar(15) NOT NULL,
  `pIP_last` varchar(15) NOT NULL,
  `pEmail` varchar(25) NOT NULL,
  `pPromocode` varchar(10) NOT NULL,
  `pSex` tinyint(4) NOT NULL,
  `pLvl` int(11) NOT NULL,
  `pExp` int(11) NOT NULL,
  `pSkin` smallint(6) NOT NULL,
  `pAdmin` tinyint(4) NOT NULL,
  `pCash` int(11) NOT NULL,
  `pBank` int(11) NOT NULL,
  `pBitcoin` int(11) NOT NULL,
  `pLicenses` int(11) NOT NULL,
  `pLast_Online` int(11) NOT NULL,
  `pJob` smallint(6) NOT NULL,
  `pSkill_Cleaner` int(11) NOT NULL,
  `pSkill_Taxi` int(11) NOT NULL,
  `pSkill_Trucker` int(11) NOT NULL,
  `pNumber` int(11) NOT NULL
) ENGINE=InnoDB DEFAULT CHARSET=cp1251;

--
-- Дамп данных таблицы `accounts`
--

INSERT INTO `accounts` (`pMySQL_ID`, `pName`, `pPassword`, `pSalt`, `pLogged`, `pVK`, `pIP_reg`, `pIP_last`, `pEmail`, `pPromocode`, `pSex`, `pLvl`, `pExp`, `pSkin`, `pAdmin`, `pCash`, `pBank`, `pBitcoin`, `pLicenses`, `pLast_Online`, `pJob`, `pSkill_Cleaner`, `pSkill_Taxi`, `pSkill_Trucker`, `pNumber`) VALUES
(39, 'Egor_Plakapenka', '467EADCDD94016211D214FFDF8DB1D6C702A3B42BC863BADDB4E8E3BEB94FA2F', '$_s&\\w|pt;nW#pt!', 1, 'plakapenka', '127.0.0.1', '127.0.0.1', 'None', 'None', 1, 1, 0, 192, 10, 9699995, 0, 0, 0, 1645209829, 0, 495, 0, 0, 0);

-- --------------------------------------------------------

--
-- Структура таблицы `bank`
--

CREATE TABLE `bank` (
  `bitecoin` int(11) NOT NULL,
  `deposit` int(11) NOT NULL,
  `base_value` int(11) NOT NULL
) ENGINE=InnoDB DEFAULT CHARSET=utf8;

--
-- Дамп данных таблицы `bank`
--

INSERT INTO `bank` (`bitecoin`, `deposit`, `base_value`) VALUES
(641, 3, 100);

-- --------------------------------------------------------

--
-- Структура таблицы `bank_deposits`
--

CREATE TABLE `bank_deposits` (
  `player` varchar(25) CHARACTER SET utf8 NOT NULL,
  `date` int(11) NOT NULL,
  `percent` int(11) NOT NULL,
  `money` int(11) NOT NULL,
  `name` varchar(15) CHARACTER SET utf8 NOT NULL
) ENGINE=InnoDB DEFAULT CHARSET=cp1251;

-- --------------------------------------------------------

--
-- Структура таблицы `cars`
--

CREATE TABLE `cars` (
  `MySQL_ID` int(11) NOT NULL,
  `owner` varchar(24) NOT NULL,
  `cModelid` smallint(6) NOT NULL DEFAULT 462,
  `cColor1` smallint(6) NOT NULL DEFAULT 203,
  `cColor2` smallint(6) NOT NULL DEFAULT 203,
  `cCell` tinyint(4) NOT NULL DEFAULT 0,
  `fuel` float NOT NULL DEFAULT 100
) ENGINE=InnoDB DEFAULT CHARSET=utf8;

--
-- Дамп данных таблицы `cars`
--

INSERT INTO `cars` (`MySQL_ID`, `owner`, `cModelid`, `cColor1`, `cColor2`, `cCell`, `fuel`) VALUES
(1, 'plakapenka', 411, 203, 203, 0, 100),
(2, 'plakapenka', 560, 0, 0, 1, 100),
(3, 'plakapenka', 522, 211, 211, 2, 100),
(4, 'plakapenka', 411, 1, 1, 0, 100),
(5, 'plakapenka', 560, 211, 211, 1, 100),
(6, 'plakapenka', 522, 0, 0, 2, 100);

-- --------------------------------------------------------

--
-- Структура таблицы `clothes`
--

CREATE TABLE `clothes` (
  `pMySQL_ID` int(11) NOT NULL,
  `pSkin` smallint(6) NOT NULL
) ENGINE=InnoDB DEFAULT CHARSET=utf8mb4;

--
-- Дамп данных таблицы `clothes`
--

INSERT INTO `clothes` (`pMySQL_ID`, `pSkin`) VALUES
(39, 93),
(39, 192),
(39, 194);

-- --------------------------------------------------------

--
-- Структура таблицы `farms`
--

CREATE TABLE `farms` (
  `farm_ID` int(11) NOT NULL,
  `farm_owner` varchar(24) NOT NULL,
  `farm_waterCount` smallint(6) NOT NULL,
  `farm_seedsCount` smallint(6) NOT NULL,
  `farm_cropCount` smallint(6) NOT NULL,
  `farm_cropType` tinyint(4) NOT NULL,
  `farm_salary` mediumint(9) NOT NULL,
  `farm_balance` int(11) NOT NULL
) ENGINE=InnoDB DEFAULT CHARSET=cp1251;

--
-- Дамп данных таблицы `farms`
--

INSERT INTO `farms` (`farm_ID`, `farm_owner`, `farm_waterCount`, `farm_seedsCount`, `farm_cropCount`, `farm_cropType`, `farm_salary`, `farm_balance`) VALUES
(0, 'plakapenka', 500, 500, 500, 2, 100, 500300);

-- --------------------------------------------------------

--
-- Структура таблицы `houses`
--

CREATE TABLE `houses` (
  `house_ID` int(11) NOT NULL,
  `house_enterX` float NOT NULL,
  `house_enterY` float NOT NULL,
  `house_enterZ` float NOT NULL,
  `house_carX` float NOT NULL,
  `house_carY` float NOT NULL,
  `house_carZ` float NOT NULL,
  `house_carA` float NOT NULL,
  `house_owner` varchar(24) CHARACTER SET cp1251 NOT NULL DEFAULT 'None',
  `house_price` int(11) NOT NULL,
  `house_interior` int(11) NOT NULL,
  `house_lock` tinyint(1) NOT NULL,
  `house_product` smallint(6) NOT NULL,
  `house_garage` tinyint(4) NOT NULL DEFAULT 0,
  `house_improove` int(11) NOT NULL
) ENGINE=MyISAM DEFAULT CHARSET=utf8 PACK_KEYS=0 ROW_FORMAT=DYNAMIC;

--
-- Дамп данных таблицы `houses`
--

INSERT INTO `houses` (`house_ID`, `house_enterX`, `house_enterY`, `house_enterZ`, `house_carX`, `house_carY`, `house_carZ`, `house_carA`, `house_owner`, `house_price`, `house_interior`, `house_lock`, `house_product`, `house_garage`, `house_improove`) VALUES
(1, 2523.27, -1679.32, 15.497, 2517.21, -1672.56, 13.7636, 57.7402, 'None', 3000, 21, 0, 0, 0, 0),
(2, 2524.71, -1658.62, 15.824, 2517.61, -1665.02, 13.7938, 94.3728, 'None', 1000, 3, 0, 0, 0, 0),
(3, 2513.72, -1650.25, 14.3557, 2505.35, -1650.37, 13.4036, 139.183, 'None', 2000, 9, 0, 0, 0, 0),
(4, 2498.48, -1642.25, 14.1131, 2494.76, -1649.15, 13.2294, 166.16, 'None', 1000, 3, 0, 0, 0, 0),
(5, 2486.42, -1644.53, 14.0772, 2485.14, -1652.44, 13.1807, 89.6085, 'None', 4000, 21, 0, 0, 0, 0),
(6, 2469.53, -1646.35, 13.7801, 2470.02, -1652.6, 13.183, 91.0364, 'None', 2000, 9, 0, 0, 0, 0),
(7, 2459.53, -1691.66, 13.5447, 2466.34, -1688.18, 13.2259, 269.557, 'None', 3000, 10, 0, 0, 0, 0),
(8, 2451.92, -1641.41, 14.0662, 2442.9, -1643.62, 13.1731, 178.174, 'None', 1000, 3, 0, 0, 0, 0),
(9, 2413.87, -1646.79, 14.0119, 2403.54, -1645.54, 13.2557, 180.32, 'None', 2000, 9, 0, 0, 0, 0),
(10, 2409, -1674.94, 14.375, 2409.11, -1665.47, 13.2557, 89.3089, 'None', 3000, 6, 0, 0, 0, 0),
(11, 2393.23, -1646.03, 13.9051, 2384.3, -1645.6, 13.2363, 179.813, 'None', 4000, 0, 0, 0, 0, 0),
(12, 2384.61, -1675.84, 15.2457, 2393.02, -1677.53, 14.0223, 0.480835, 'None', 3000, 10, 0, 0, 0, 0),
(13, 2362.91, -1643.15, 14.3516, 2363.35, -1652.77, 13.2558, 89.6637, 'None', 1000, 21, 0, 0, 0, 0),
(14, 2368.28, -1675.34, 14.1682, 2361.39, -1672.59, 13.2549, 0, 'None', 1000, 3, 0, 0, 0, 0),
(15, 2326.88, -1681.94, 14.9297, 2327.48, -1677.51, 14.1325, 269.922, 'None', 3000, 0, 0, 0, 0, 0),
(16, 2307.03, -1679.2, 14.3316, 2308.54, -1673.32, 13.8135, 1.20473, 'None', 4000, 5, 0, 0, 0, 0),
(17, 2282.34, -1641.22, 15.8898, 2271.62, -1646.17, 15.0832, 181.024, 'None', 1000, 9, 0, 0, 0, 0),
(18, 2257.17, -1643.95, 15.8082, 2255.39, -1651.99, 15.185, 78.2644, 'None', 1000, 21, 0, 0, 0, 0),
(19, 2244.53, -1637.64, 16.2379, 2236.29, -1638.19, 15.2923, 160.142, 'None', 4000, 21, 0, 0, 0, 0),
(20, 2385.39, -1711.65, 14.2422, 2389.95, -1717.76, 13.3103, 179.981, 'None', 3000, 21, 0, 0, 0, 0),
(21, 2326.7, -1716.7, 14.2379, 2319.43, -1719.01, 13.2566, 179.524, 'None', 3000, 10, 0, 0, 0, 0),
(22, 2308.9, -1714.33, 14.9801, 2309.91, -1726.66, 13.1708, 91.0819, 'None', 3000, 10, 0, 0, 0, 0),
(23, 2750.39, -1238.8, 61.5245, 2742.95, -1238.68, 60.9897, 0.174421, 'None', 10000, 21, 0, 0, 0, 0),
(24, 2750.39, -1222.23, 64.6016, 2742.59, -1221.93, 63.9688, 4.94201, 'None', 14000, 1, 0, 0, 0, 0),
(25, 2750.39, -1205.73, 67.4844, 2742.58, -1201.17, 67.7235, 1.75896, 'None', 13000, 4, 0, 0, 0, 0),
(26, 2756.33, -1182.81, 69.4035, 2754.97, -1176.73, 69.1144, 88.4252, 'None', 30000, 18, 0, 0, 0, 0),
(27, 2625.94, -1112.64, 67.9953, 2636.4, -1114.98, 67.3904, 183.134, 'None', 4000, 5, 0, 0, 0, 0),
(28, 2625.93, -1098.7, 69.3617, 2637.22, -1100.29, 68.838, 177.307, 'None', 4000, 6, 0, 0, 0, 0),
(29, 2627.64, -1085.16, 69.7156, 2637.49, -1084.94, 69.2418, 181.009, 'None', 3000, 10, 0, 0, 0, 0),
(30, 2628.1, -1067.93, 69.7156, 2637.12, -1068.54, 69.2448, 181.462, 'None', 3000, 11, 0, 0, 0, 0),
(31, 2581.49, -969.262, 81.3646, 2574.99, -971.303, 81.207, 95.7741, 'None', 2000, 3, 0, 0, 0, 0),
(32, 2582.87, -952.935, 81.388, 2592.65, -949.625, 81.0993, 193.227, 'None', 4000, 6, 0, 0, 0, 0),
(33, 2552.04, -958.359, 82.6161, 2562.79, -959.295, 82.4638, 190.206, 'None', 2000, 3, 0, 0, 0, 0),
(34, 2517.86, -965.445, 82.3284, 2516.49, -969.635, 81.7725, 271.659, 'None', 2000, 9, 0, 0, 0, 0),
(35, 2492.1, -965.726, 82.5489, 2502.76, -964.916, 81.9869, 178.97, 'None', 3000, 6, 0, 0, 0, 0),
(36, 2499.49, -946.997, 82.4708, 2503.8, -950.737, 82.0027, 175.264, 'None', 1000, 3, 0, 0, 0, 0),
(37, 2459.46, -947.704, 80.0829, 2468.4, -945.217, 79.8046, 181.021, 'None', 4000, 17, 0, 0, 0, 0),
(38, 2472.33, -962.043, 80.5255, 2476.26, -964.669, 79.9473, 180.443, 'None', 1000, 9, 0, 0, 0, 0),
(39, 2454.18, -965.02, 80.0731, 2457.83, -964.145, 79.7944, 177.659, 'None', 1000, 21, 0, 0, 0, 0),
(40, 2579.72, -1033.2, 69.5798, 2570.63, -1034.75, 69.2891, 179.821, 'None', 4000, 10, 0, 0, 0, 0),
(41, 2562.11, -1034.32, 69.8692, 2563.67, -1040.56, 69.2854, 90.1257, 'None', 2000, 3, 0, 0, 0, 0),
(42, 2549.21, -1032.34, 69.5789, 2548.93, -1040.67, 69.2831, 88.2215, 'None', 2000, 9, 0, 0, 0, 0),
(43, 2526.85, -1033.52, 69.5793, 2535.33, -1034.84, 69.288, 177.14, 'None', 4000, 6, 0, 0, 0, 0),
(44, 2512.82, -1027.16, 70.0859, 2502.63, -1031.68, 69.5164, 174.88, 'None', 4000, 10, 0, 0, 0, 0),
(45, 2534.48, -1063.35, 69.5655, 2545.29, -1060.25, 69.2774, 4.00336, 'None', 3000, 11, 0, 0, 0, 0),
(46, 2526.09, -1060.7, 69.9708, 2530.28, -1061.41, 69.2794, 0.543926, 'None', 4000, 21, 0, 0, 0, 0),
(47, 2499.75, -1065.52, 70.2359, 2497.66, -1060.95, 69.7048, 358.03, 'None', 3000, 10, 0, 0, 0, 0),
(48, 2479.68, -1063.97, 66.9982, 2476.43, -1055.13, 66.2578, 342.854, 'None', 4000, 21, 0, 0, 0, 0),
(49, 2491.35, -1012.33, 65.3984, 2483.34, -1020.52, 64.7654, 152.079, 'None', 3000, 6, 0, 0, 0, 0),
(50, 2462.37, -1011.12, 60.1137, 2453.98, -1013.43, 59.4833, 176.254, 'None', 1000, 21, 0, 0, 0, 0),
(51, 2439.93, -1011.01, 54.3438, 2429.47, -1018.98, 53.9143, 188.649, 'None', 3000, 5, 0, 0, 0, 0),
(52, 2457.76, -1054.57, 59.9592, 2452.74, -1050.37, 59.3377, 357.595, 'None', 4000, 10, 0, 0, 0, 0),
(53, 2440.58, -1057.34, 54.7387, 2432.01, -1055.16, 54.0763, 0, 'None', 4000, 17, 0, 0, 0, 0),
(54, 2389.19, -1037.11, 53.5474, 2393.92, -1045.05, 52.1989, 132.738, 'None', 2000, 3, 0, 0, 0, 0),
(55, 2370.21, -1034.56, 54.4106, 2375.75, -1037.94, 53.8576, 232.937, 'None', 1000, 9, 0, 0, 0, 0),
(56, 2355.56, -1038.58, 54.3358, 2355.29, -1043.09, 53.8487, 188.698, 'None', 1000, 9, 0, 0, 0, 0),
(57, 2335.13, -1046.01, 52.5529, 2338.69, -1042.88, 52.1705, 183.249, 'None', 2000, 9, 0, 0, 0, 0),
(58, 2362.67, -1046.43, 54.2733, 2361.21, -1049.96, 53.8573, 114.516, 'None', 2000, 21, 0, 0, 0, 0),
(59, 2325.52, -1060.98, 52.4686, 2327.57, -1057.75, 52.0604, 275.61, 'None', 1000, 3, 0, 0, 0, 0),
(60, 2319.75, -1053.24, 52.4608, 2318.5, -1059.13, 51.9963, 89.9297, 'None', 1000, 9, 0, 0, 0, 0),
(61, 2297.63, -1053.04, 49.934, 2300.85, -1058.32, 49.3153, 80.2053, 'None', 1000, 21, 0, 0, 0, 0),
(62, 2284.09, -1046.03, 49.8871, 2282.09, -1049.72, 49.1555, 239.014, 'None', 1000, 9, 0, 0, 0, 0),
(63, 2287.55, -1081.07, 48.2471, 2288.88, -1078.46, 47.1474, 66.1972, 'None', 4000, 6, 0, 0, 0, 0),
(64, 2278.73, -1077.41, 48.2407, 2279.84, -1075.15, 47.2559, 66.0237, 'None', 3000, 5, 0, 0, 0, 0),
(65, 2249.28, -1060.28, 55.9688, 2249.36, -1053.15, 51.7341, 46.2239, 'None', 4000, 10, 0, 0, 0, 0),
(66, 2259.44, -1019.09, 59.2973, 2265.97, -1041.74, 51.0486, 133.145, 'None', 11000, 1, 0, 0, 0, 0),
(67, 2218.88, -1031.79, 60.2674, 2220.81, -1028.33, 59.5447, 60.1039, 'None', 2000, 3, 0, 0, 0, 0),
(68, 2208.12, -1026.61, 61.3503, 2209.96, -1022.81, 60.5078, 66.3785, 'None', 2000, 9, 0, 0, 0, 0),
(69, 2186.45, -997.315, 66.4688, 2181.49, -1000.75, 62.6199, 80.574, 'None', 3000, 17, 0, 0, 0, 0),
(70, 2154.1, -979.929, 63.2934, 2150.21, -995.187, 62.081, 73.8983, 'None', 1000, 9, 0, 0, 0, 0),
(71, 2142.68, -978.168, 61.3793, 2140.61, -992.785, 60.7768, 75.6818, 'None', 2000, 9, 0, 0, 0, 0),
(72, 2131.94, -974.047, 59.7856, 2126.61, -987.921, 58.1571, 72.7521, 'None', 2000, 21, 0, 0, 0, 0),
(73, 2122.05, -970.309, 58.2074, 2116.1, -985.446, 55.9837, 72.3465, 'None', 2000, 3, 0, 0, 0, 0),
(74, 2139.94, -1008.48, 61.9864, 2138.97, -1004.62, 61.0822, 70.5511, 'None', 3000, 21, 0, 0, 0, 0),
(75, 2109.01, -1000.8, 60.5078, 2121.57, -999.337, 57.8283, 72.618, 'None', 4000, 11, 0, 0, 0, 0),
(76, 2089.41, -996.216, 53.0621, 2105.43, -996.696, 54.6788, 346.813, 'None', 4000, 10, 0, 0, 0, 0),
(77, 2073.41, -965.164, 49.3905, 2076.21, -972.842, 49.1946, 166.433, 'None', 3000, 5, 0, 0, 0, 0),
(78, 2090.54, -972.409, 51.8469, 2095.12, -979.729, 52.4586, 74.2832, 'None', 1000, 3, 0, 0, 0, 0),
(79, 2066.09, -993.183, 48.7995, 2072.8, -986.536, 48.9478, 75.5246, 'None', 1000, 9, 0, 0, 0, 0),
(80, 2049.27, -987.273, 44.9734, 2058.7, -987.131, 46.3776, 356.669, 'None', 4000, 10, 0, 0, 0, 0),
(81, 2051.27, -954.65, 48.0343, 2054.76, -970.607, 45.4409, 177.476, 'None', 3000, 11, 0, 0, 0, 0),
(82, 2044.72, -991.311, 43.2521, 2036.4, -990.234, 40.4329, 17.8128, 'None', 4000, 17, 0, 0, 0, 0),
(83, 2045.17, -965.741, 44.5533, 2039.97, -969.457, 42.5195, 102.36, 'None', 3000, 21, 0, 0, 0, 0),
(84, 2015.56, -977.573, 36.9531, 2021.42, -980.95, 37.1265, 118.802, 'None', 2000, 3, 0, 0, 0, 0),
(85, 2007.31, -984.628, 34.4609, 2011.38, -986.699, 34.0383, 128.831, 'None', 4000, 21, 0, 0, 0, 0),
(86, 2000.26, -991.596, 32.1314, 2003.68, -995.073, 31.1512, 137.327, 'None', 3000, 5, 0, 0, 0, 0),
(87, 2576.68, -1070.62, 69.8322, 2566.1, -1067.62, 68.9267, 350.349, 'None', 3000, 11, 0, 0, 0, 0),
(88, 2572.37, -1091.78, 67.2257, 2563.25, -1094.29, 66.0492, 47.5693, 'None', 4000, 6, 0, 0, 0, 0),
(89, 2519.03, -1113.05, 56.5926, 2525.09, -1111.4, 56.3373, 356.732, 'None', 4000, 10, 0, 0, 0, 0),
(90, 2470.7, -1105.32, 44.4879, 2472.43, -1094.22, 44.4832, 84.7842, 'None', 2000, 9, 0, 0, 0, 0),
(91, 2456.99, -1102.5, 43.8672, 2452.52, -1101.05, 42.8706, 358.64, 'None', 4000, 21, 0, 0, 0, 0),
(92, 2438.65, -1105.79, 43.0816, 2439.46, -1092.02, 42.1379, 87.0188, 'None', 2000, 3, 0, 0, 0, 0),
(93, 2407.93, -1106.97, 40.2957, 2408.36, -1095.43, 39.2885, 102.649, 'None', 4000, 11, 0, 0, 0, 0),
(94, 2510.57, -1132.66, 41.6207, 2507.74, -1144.56, 39.4149, 91.9087, 'None', 3000, 10, 0, 0, 0, 0),
(95, 2488.07, -1135.24, 39.5859, 2489.11, -1143.73, 37.8498, 92.0837, 'None', 1000, 9, 0, 0, 0, 0),
(96, 2424.65, -1126.65, 34.4244, 2422.99, -1144.97, 31.4413, 94.1905, 'None', 1000, 21, 0, 0, 0, 0),
(97, 2394.9, -1133.54, 30.7188, 2399.53, -1135.76, 29.8241, 181.23, 'None', 4000, 0, 0, 0, 0, 0),
(98, 2373.97, -1138.92, 29.0588, 2373.84, -1147.36, 27.3339, 91.3172, 'None', 3000, 11, 0, 0, 0, 0),
(99, 2467.61, -1200.41, 36.8117, 2468.59, -1192.8, 37.399, 272.197, 'None', 2000, 9, 0, 0, 0, 0),
(100, 2520.67, -1198, 56.5988, 2528.83, -1194.21, 56.6968, 359.507, 'None', 8000, 13, 0, 0, 0, 0),
(101, 2550.28, -1197.52, 60.8432, 2558.61, -1194.38, 61.1336, 358.212, 'None', 14000, 21, 0, 0, 0, 0),
(102, 2851.85, -1365.99, 14.1708, 2856.13, -1355.55, 10.7797, 273.28, 'None', 9000, 4, 0, 0, 0, 0),
(103, 2842.1, -1334.8, 14.7421, 2852.93, -1330.06, 10.7768, 283.186, 'None', 7000, 13, 0, 0, 0, 0),
(104, 2847.02, -1309.85, 14.6831, 2854.73, -1308.13, 14.3029, 188.489, 'None', 9000, 19, 0, 0, 0, 0),
(105, 2808.09, -1190.89, 25.3406, 2819.58, -1186.3, 24.9367, 268.967, 'None', 10000, 1, 0, 0, 0, 0),
(106, 2808.06, -1175.91, 25.3807, 2819.34, -1179.34, 24.9557, 270.409, 'None', 10000, 21, 0, 0, 0, 0),
(107, 2551, -1233.79, 49.3318, 2547.11, -1248.51, 41.8374, 178.538, 'None', 3000, 21, 0, 0, 0, 0),
(108, 2536.96, -1235.61, 43.7219, 2531, -1248.47, 37.3323, 177.033, 'None', 3000, 6, 0, 0, 0, 0),
(109, 2514.54, -1240.46, 39.3406, 2512.13, -1249.33, 34.7673, 179.698, 'None', 12000, 1, 0, 0, 0, 0),
(110, 2492.13, -1239.01, 37.9054, 2486.35, -1248.21, 30.6157, 180.348, 'None', 13000, 12, 0, 0, 0, 0),
(111, 2472.9, -1238.12, 32.5695, 2465.98, -1248.38, 25.0905, 184.304, 'None', 3000, 5, 0, 0, 0, 0),
(112, 2433.61, -1275.01, 24.7567, 2444.08, -1274.86, 23.7089, 359.241, 'None', 2000, 3, 0, 0, 0, 0),
(113, 2434.81, -1289.29, 25.3479, 2444.33, -1288.87, 23.7089, 359.702, 'None', 2000, 9, 0, 0, 0, 0),
(114, 2433.93, -1303.37, 25.3234, 2444.49, -1303.83, 23.7223, 0.00007, 'None', 1000, 21, 0, 0, 0, 0),
(115, 2433.93, -1320.7, 25.3234, 2444.13, -1322.02, 23.724, 0, 'None', 2000, 3, 0, 0, 0, 0),
(116, 2439.59, -1338.84, 24.1016, 2445.06, -1339.81, 23.7076, 0.027976, 'None', 2000, 9, 0, 0, 0, 0),
(117, 2439.59, -1357.16, 24.1006, 2444.59, -1361.38, 23.7242, 0, 'None', 1000, 21, 0, 0, 0, 0),
(118, 2383.54, -1366.27, 24.4914, 2378.44, -1366.22, 23.7029, 359.986, 'None', 2000, 3, 0, 0, 0, 0),
(119, 2389.73, -1346.12, 25.077, 2378.3, -1346.2, 23.7333, 0, 'None', 2000, 9, 0, 0, 0, 0),
(120, 2387.86, -1328.49, 25.1242, 2377.74, -1326.15, 23.7328, 0, 'None', 2000, 21, 0, 0, 0, 0),
(121, 2388.42, -1279.65, 25.1291, 2377.69, -1275.75, 23.705, 0, 'None', 1000, 3, 0, 0, 0, 0),
(122, 2469.18, -1278.33, 30.3664, 2457.82, -1282.23, 23.7088, 0, 'None', 4000, 10, 0, 0, 0, 0),
(123, 2470.37, -1295.53, 30.2332, 2457.84, -1292.83, 23.7089, 0, 'None', 3000, 5, 0, 0, 0, 0),
(124, 2207.49, -1100.44, 31.5547, 2197.74, -1106.87, 24.9175, 155.263, 'None', 4000, 11, 0, 0, 0, 0),
(125, 2188.74, -1081.54, 43.8347, 2196.67, -1078.92, 40.3774, 227.323, 'None', 11000, 21, 0, 0, 0, 0),
(126, 2221.13, -1083, 41.7798, 2208.56, -1075.38, 37.8149, 41.9095, 'None', 4000, 10, 0, 0, 0, 0),
(127, 2145.25, -1084.67, 25.0354, 2151.98, -1088.25, 24.7278, 159.989, 'None', 4000, 5, 0, 0, 0, 0),
(128, 2140.6, -1082.51, 25.0356, 2135.79, -1083.85, 23.9445, 241.858, 'None', 3000, 6, 0, 0, 0, 0),
(129, 2108.82, -1082.35, 25.4905, 2114.56, -1082.66, 24.1693, 233.318, 'None', 4000, 17, 0, 0, 0, 0),
(130, 2101.63, -1075.87, 25.9307, 2106.2, -1076.53, 25.1343, 231.645, 'None', 4000, 5, 0, 0, 0, 0),
(131, 2091.55, -1068.17, 28.0845, 2090.96, -1062.69, 27.9599, 229.934, 'None', 4000, 6, 0, 0, 0, 0),
(132, 2077.32, -1057, 31.3464, 2075.18, -1051.32, 31.523, 241.615, 'None', 4000, 10, 0, 0, 0, 0),
(133, 2083.04, -1039.65, 32.2099, 2083.94, -1044.69, 30.8856, 235.76, 'None', 2000, 3, 0, 0, 0, 0),
(134, 2093.84, -1047.37, 30.1055, 2091.54, -1050.64, 29.2693, 233.677, 'None', 1000, 9, 0, 0, 0, 0),
(135, 2099.81, -1051.74, 28.8137, 2099.26, -1056.71, 27.5464, 227.917, 'None', 3000, 11, 0, 0, 0, 0),
(136, 2105.51, -1056.06, 27.1513, 2115.34, -1060.06, 25.4666, 137.429, 'None', 4000, 10, 0, 0, 0, 0),
(137, 2082.47, -1085.16, 25.6851, 2084.07, -1088.59, 24.6854, 157.197, 'None', 1000, 3, 0, 0, 0, 0),
(138, 2075.28, -1081.9, 25.6803, 2071.77, -1082.53, 24.6741, 155.99, 'None', 2000, 9, 0, 0, 0, 0),
(139, 2061.07, -1075.36, 25.6858, 2063.47, -1078.77, 24.6244, 157.79, 'None', 1000, 21, 0, 0, 0, 0),
(140, 2050.74, -1065.73, 25.7836, 2049.87, -1072.82, 24.5512, 65.4314, 'None', 4000, 6, 0, 0, 0, 0),
(141, 2035.86, -1059.23, 25.6508, 2036, -1066.68, 24.4703, 66.5012, 'None', 3000, 5, 0, 0, 0, 0),
(142, 2023.02, -1052.95, 25.5961, 2020.22, -1059.59, 24.3631, 66.2821, 'None', 4000, 10, 0, 0, 0, 0),
(143, 2093.97, -1122.67, 27.6899, 2078.25, -1125.34, 23.6713, 0.204551, 'None', 3000, 11, 0, 0, 0, 0),
(144, 2095.36, -1145.19, 26.5929, 2089.12, -1140.95, 25.1273, 93.6204, 'None', 3000, 21, 0, 0, 0, 0),
(145, 2092.24, -1166.49, 26.5859, 2089.18, -1170.55, 25.1759, 88.2386, 'None', 4000, 17, 0, 0, 0, 0),
(146, 2091.68, -1184.3, 27.0571, 2079.02, -1188.02, 23.5525, 0.000031, 'None', 3000, 21, 0, 0, 0, 0),
(147, 2045.56, -1116.65, 26.3617, 2051.71, -1120.28, 24.4027, 180.139, 'None', 4000, 5, 0, 0, 0, 0),
(148, 2022.88, -1120.26, 26.421, 2018.08, -1128.63, 24.7093, 89.5622, 'None', 4000, 6, 0, 0, 0, 0),
(149, 2000.05, -1114.05, 27.125, 1993.74, -1119.77, 26.4894, 267.852, 'None', 3000, 10, 0, 0, 0, 0),
(150, 1955.13, -1115.38, 27.8305, 1951.91, -1128.72, 25.49, 90.8991, 'None', 3000, 11, 0, 0, 0, 0),
(151, 1939.05, -1114.48, 27.4523, 1934.29, -1120.03, 26.14, 178.268, 'None', 3000, 17, 0, 0, 0, 0),
(152, 1921.3, -1115.16, 27.0883, 1923.53, -1129.9, 24.6928, 89.9444, 'None', 4000, 5, 0, 0, 0, 0),
(153, 1905.98, -1112.95, 26.6641, 1910.91, -1117.23, 25.4012, 180.392, 'None', 3000, 6, 0, 0, 0, 0),
(154, 1885.89, -1113.66, 26.2758, 1892.98, -1129.56, 24.0087, 89.881, 'None', 3000, 10, 0, 0, 0, 0),
(155, 1891.77, -1070.61, 23.9375, 1891.65, -1082.65, 23.6558, 267.285, 'None', 1000, 3, 0, 0, 0, 0),
(156, 1896.05, -1064.8, 23.9375, 1894.08, -1050.58, 23.5465, 275.539, 'None', 2000, 9, 0, 0, 0, 0),
(157, 1916.89, -1064.73, 24.1247, 1914.11, -1050.45, 23.6725, 270.138, 'None', 2000, 21, 0, 0, 0, 0),
(158, 1912.62, -1070.57, 24.2368, 1915.09, -1083.04, 24.0189, 266.926, 'None', 1000, 3, 0, 0, 0, 0),
(159, 1934.04, -1071.47, 24.4157, 1933.32, -1084.09, 24.3176, 261.5, 'None', 1000, 9, 0, 0, 0, 0),
(160, 1939.28, -1066.41, 24.4184, 1939.34, -1052.56, 23.8464, 264.141, 'None', 1000, 21, 0, 0, 0, 0),
(161, 1959.61, -1069.96, 24.7967, 1959.02, -1056.25, 24.0312, 258.024, 'None', 2000, 3, 0, 0, 0, 0),
(162, 1954.37, -1075.02, 24.7967, 1952.82, -1088.33, 24.8139, 260.651, 'None', 2000, 21, 0, 0, 0, 0),
(163, 2090.73, -1235.18, 26.0191, 2094.91, -1227.63, 23.6854, 268.844, 'None', 1000, 3, 0, 0, 0, 0),
(164, 2110.88, -1244.4, 25.8516, 2105.69, -1241.9, 24.6584, 0, 'None', 4000, 6, 0, 0, 0, 0),
(165, 2133.42, -1233, 24.4219, 2134.31, -1226.41, 23.6043, 272.748, 'None', 1000, 9, 0, 0, 0, 0),
(166, 2153.79, -1243.8, 25.3672, 2148.13, -1239.59, 24.2275, 1.2639, 'None', 4000, 10, 0, 0, 0, 0),
(167, 2191.8, -1239.23, 24.4879, 2196.41, -1228.25, 23.6787, 270.618, 'None', 1000, 3, 0, 0, 0, 0),
(168, 2209.78, -1240.25, 24.4801, 2208.24, -1227.78, 23.6795, 268.131, 'None', 1000, 9, 0, 0, 0, 0),
(169, 2229.65, -1241.61, 25.6562, 2223.78, -1238.42, 24.6362, 0, 'None', 3000, 17, 0, 0, 0, 0),
(170, 2249.96, -1238.91, 25.8984, 2242.13, -1237.04, 24.5676, 359.193, 'None', 4000, 21, 0, 0, 0, 0),
(171, 2250.18, -1280.05, 25.4766, 2255.94, -1286.09, 24.4826, 179.475, 'None', 3000, 5, 0, 0, 0, 0),
(172, 2230.15, -1280.07, 25.6285, 2231.86, -1294.98, 23.606, 89.3231, 'None', 2000, 9, 0, 0, 0, 0),
(173, 2207.91, -1280.82, 25.1207, 2210.77, -1293.93, 23.6815, 89.7406, 'None', 1000, 21, 0, 0, 0, 0),
(174, 2191.55, -1275.6, 25.1562, 2196.49, -1283.71, 24.0243, 179.269, 'None', 3000, 21, 0, 0, 0, 0),
(175, 2150.24, -1285.04, 24.5269, 2148.89, -1294.35, 23.6877, 91.714, 'None', 2000, 3, 0, 0, 0, 0),
(176, 2132.28, -1280.05, 25.8906, 2137.43, -1283.21, 24.5563, 179.237, 'None', 4000, 21, 0, 0, 0, 0),
(177, 2111.24, -1278.98, 25.8359, 2102.62, -1273.7, 25.1991, 180.872, 'None', 3000, 5, 0, 0, 0, 0),
(178, 2090.97, -1277.84, 26.1797, 2095.69, -1278.63, 25.2039, 179.853, 'None', 3000, 6, 0, 0, 0, 0),
(179, 2100.94, -1321.89, 25.9531, 2095.78, -1319.22, 24.7125, 0, 'None', 3000, 10, 0, 0, 0, 0),
(180, 2126.64, -1320.87, 26.624, 2135.89, -1327.52, 25.2526, 359.002, 'None', 3000, 17, 0, 0, 0, 0),
(181, 2148.51, -1320.08, 26.0738, 2141.07, -1322.08, 24.9311, 1.15945, 'None', 3000, 21, 0, 0, 0, 0),
(182, 2147.67, -1366.12, 25.9723, 2138.91, -1366.26, 24.741, 180.466, 'None', 4000, 6, 0, 0, 0, 0),
(183, 2129.57, -1361.69, 26.1363, 2136.31, -1366.45, 24.7156, 181.24, 'None', 3000, 10, 0, 0, 0, 0),
(184, 2151.17, -1400.7, 26.1285, 2156.45, -1408.44, 25.2498, 89.6737, 'None', 4000, 17, 0, 0, 0, 0),
(185, 2150.92, -1419.07, 25.9219, 2149.9, -1423.68, 25.2479, 89.9016, 'None', 4000, 21, 0, 0, 0, 0),
(186, 2149.86, -1433.74, 26.0703, 2142.33, -1430.44, 24.4407, 93.3787, 'None', 3000, 6, 0, 0, 0, 0),
(187, 2152.22, -1446.38, 26.1051, 2154.33, -1454.89, 25.2479, 89.824, 'None', 3000, 10, 0, 0, 0, 0),
(188, 2146.8, -1470.44, 26.0426, 2134.01, -1472.84, 23.5913, 0.037615, 'None', 3000, 11, 0, 0, 0, 0),
(189, 2148.94, -1484.82, 26.6241, 2134.38, -1483.87, 23.606, 359.997, 'None', 3000, 21, 0, 0, 0, 0),
(190, 2196.21, -1404.1, 25.9488, 2207.02, -1402.21, 23.6092, 1.61256, 'None', 3000, 5, 0, 0, 0, 0),
(191, 2188.55, -1419.31, 26.1562, 2206.15, -1418.52, 23.6932, 0, 'None', 3000, 6, 0, 0, 0, 0),
(192, 2194.35, -1442.94, 26.0738, 2186.36, -1434.71, 25.2496, 271.333, 'None', 3000, 10, 0, 0, 0, 0),
(193, 2191.1, -1455.85, 26, 2198.94, -1452.36, 24.6124, 269.928, 'None', 3000, 11, 0, 0, 0, 0),
(194, 2190.45, -1470.3, 25.9141, 2192.75, -1465.53, 25.2477, 269.94, 'None', 4000, 17, 0, 0, 0, 0),
(195, 2190.32, -1487.68, 26.1051, 2187.03, -1480.31, 25.2401, 268.354, 'None', 3000, 21, 0, 0, 0, 0),
(196, 2635.57, -2012.86, 14.1443, 2637.48, -2005.05, 13.2646, 273.086, 'None', 7000, 1, 0, 0, 0, 0),
(197, 2637.1, -1991.67, 14.324, 2637.61, -1999.8, 13.2613, 271.827, 'None', 9000, 4, 0, 0, 0, 0),
(198, 2652.79, -1989.43, 13.9988, 2645.52, -1991.6, 13.2633, 179.412, 'None', 3000, 5, 0, 0, 0, 0),
(199, 2672.68, -1989.47, 14.324, 2673.3, -1998.48, 13.1692, 268.144, 'None', 4000, 6, 0, 0, 0, 0),
(200, 2696.36, -1990.36, 14.2229, 2684.85, -1989.15, 13.2621, 181.012, 'None', 3000, 10, 0, 0, 0, 0),
(201, 2673.26, -2020.29, 14.1682, 2676.3, -2010.89, 13.2635, 269.948, 'None', 3000, 11, 0, 0, 0, 0),
(202, 2695.36, -2020.55, 14.0223, 2685.22, -2018.02, 13.2526, 359.101, 'None', 3000, 21, 0, 0, 0, 0),
(203, 2524.35, -1998.31, 14.1131, 2529.02, -2006.85, 13.2559, 88.3993, 'None', 3000, 5, 0, 0, 0, 0),
(204, 2522.73, -2019.02, 14.0744, 2528.96, -2011.5, 13.2619, 90.3732, 'None', 4000, 5, 0, 0, 0, 0),
(205, 2507.85, -2021.05, 14.2101, 2508.45, -2015.41, 13.1352, 89.284, 'None', 2000, 3, 0, 0, 0, 0),
(206, 2508.32, -1998.37, 13.9025, 2507.43, -2004.11, 13.1286, 92.9738, 'None', 1000, 9, 0, 0, 0, 0),
(207, 2483.43, -1995.34, 13.8343, 2495.26, -1996.53, 13.2328, 179.855, 'None', 1000, 21, 0, 0, 0, 0),
(208, 2486.5, -2021.55, 13.9988, 2498, -2024.43, 13.2557, 0.817211, 'None', 3000, 17, 0, 0, 0, 0),
(209, 2465.32, -2020.79, 14.1242, 2466.68, -2015.17, 13.115, 90.9749, 'None', 2000, 3, 0, 0, 0, 0),
(210, 2465.16, -1995.75, 14.0193, 2474.23, -1995.2, 13.2557, 178.46, 'None', 4000, 10, 0, 0, 0, 0),
(211, 2437.94, -2020.85, 13.9025, 2451.95, -2023.2, 13.2557, 0.394905, 'None', 3000, 6, 0, 0, 0, 0),
(212, 2333.42, -1943.23, 14.9688, 2334.31, -1948.03, 13.2825, 91.7258, 'None', 4000, 21, 0, 0, 0, 0),
(213, 2333.31, -1883.56, 15, 2318.15, -1894.99, 13.1854, 181.193, 'None', 3000, 11, 0, 0, 0, 0),
(214, 2284.62, -1906.6, 14.9297, 2296.5, -1909.4, 13.3174, 360, 'None', 4000, 11, 0, 0, 0, 0),
(215, 2261.33, -1906.76, 14.9375, 2273.34, -1910, 13.28, 0, 'None', 4000, 11, 0, 0, 0, 0),
(216, 2237.98, -1906.83, 14.9375, 2250.12, -1910.29, 13.2557, 0.819483, 'None', 4000, 11, 0, 0, 0, 0),
(217, 2296.56, -1882.01, 14.2344, 2297.81, -1889, 13.1686, 91.5299, 'None', 1000, 9, 0, 0, 0, 0),
(218, 2269.14, -1882.01, 14.2344, 2269.2, -1889.32, 13.126, 89.5914, 'None', 1000, 9, 0, 0, 0, 0),
(219, 2242.01, -1882.01, 14.2344, 2242.04, -1889.18, 13.1356, 87.5295, 'None', 1000, 9, 0, 0, 0, 0),
(220, 1673.62, -2122.41, 14.146, 1672.72, -2116.54, 13.2516, 269.707, 'None', 10000, 1, 0, 0, 0, 0),
(221, 1684.76, -2098.16, 13.8343, 1699.48, -2096.42, 13.2451, 178.005, 'None', 3000, 11, 0, 0, 0, 0),
(222, 1695.49, -2125.84, 13.8101, 1704.77, -2129.27, 13.2563, 359.532, 'None', 4000, 17, 0, 0, 0, 0),
(239, 2067.05, -1731.54, 14.2066, 2067.1, -1738.97, 13.2577, 270.228, 'None', 4000, 6, 0, 0, 0, 0),
(223, 1715.18, -2125.45, 14.0566, 1714.85, -2117.52, 13.1708, 271.056, 'None', 1000, 3, 0, 0, 0, 0),
(224, 1734.7, -2130.36, 14.021, 1725.11, -2126.82, 13.2631, 359.934, 'None', 3000, 17, 0, 0, 0, 0),
(225, 1711.7, -2101.23, 14.021, 1724.81, -2099.58, 13.2564, 179.6, 'None', 3000, 21, 0, 0, 0, 0),
(226, 1734.03, -2097.98, 14.0366, 1747.46, -2094.93, 13.2575, 179.439, 'None', 4000, 11, 0, 0, 0, 0),
(227, 1761.24, -2125.45, 14.0566, 1744.84, -2128.66, 13.2557, 1.29664, 'None', 3000, 17, 0, 0, 0, 0),
(228, 1762.42, -2101.98, 13.857, 1773.03, -2098.23, 13.2402, 176.928, 'None', 4000, 21, 0, 0, 0, 0),
(229, 1781.49, -2101.27, 14.0566, 1782.03, -2108.4, 13.1713, 269.42, 'None', 1000, 21, 0, 0, 0, 0),
(230, 1782.16, -2126.51, 14.0679, 1772.24, -2128.84, 13.2557, 0.071326, 'None', 4000, 21, 0, 0, 0, 0),
(231, 1804.25, -2124.9, 13.9424, 1793.59, -2128.93, 13.2557, 0.298051, 'None', 3000, 21, 0, 0, 0, 0),
(232, 1802.02, -2098.94, 14.021, 1802.2, -2108.43, 13.1708, 271.515, 'None', 1000, 3, 0, 0, 0, 0),
(233, 1851.83, -2134.84, 15.3882, 1853.77, -2144.17, 13.2557, 178.773, 'None', 3000, 17, 0, 0, 0, 0),
(234, 1872.46, -2132.9, 15.482, 1875.05, -2144.24, 13.2562, 179.632, 'None', 4000, 21, 0, 0, 0, 0),
(235, 1894.26, -2133.2, 15.4663, 1896.88, -2144.55, 13.2557, 180.217, 'None', 3000, 21, 0, 0, 0, 0),
(236, 1895.48, -2068.92, 15.6689, 1894.48, -2057.73, 13.1714, 271.115, 'None', 3000, 11, 0, 0, 0, 0),
(237, 1873.55, -2070.76, 15.4971, 1877.03, -2057.5, 13.1708, 271.009, 'None', 4000, 21, 0, 0, 0, 0),
(238, 1851.78, -2070.46, 15.4812, 1852.55, -2057.78, 13.1708, 270.575, 'None', 4000, 21, 0, 0, 0, 0),
(240, 2066.24, -1717.02, 14.1363, 2077.25, -1717.08, 13.175, 1.98771, 'None', 1000, 3, 0, 0, 0, 0),
(241, 2065.1, -1703.48, 14.1484, 2066.24, -1693.12, 13.7409, 0, 'None', 4000, 21, 0, 0, 0, 0),
(242, 2066.74, -1656.54, 14.1328, 2069.29, -1659.41, 13.2563, 270.719, 'None', 1000, 21, 0, 0, 0, 0),
(243, 2067.56, -1643.88, 14.1363, 2070.05, -1647.08, 13.2563, 269.486, 'None', 1000, 3, 0, 0, 0, 0),
(244, 2067.7, -1628.82, 14.2066, 2065.17, -1637.02, 13.2563, 271.432, 'None', 4000, 10, 0, 0, 0, 0),
(245, 1986.65, -1604.99, 13.5321, 2002.42, -1594, 13.5775, 0, 'None', 3000, 5, 0, 0, 0, 0),
(246, 2002.47, -1593.95, 13.5776, 2004.17, -1596.43, 13.2797, 134.721, 'None', 3000, 0, 0, 0, 0, 0),
(247, 2011.39, -1594.36, 13.5834, 2014.86, -1596.8, 13.2808, 136.696, 'None', 4000, 6, 0, 0, 0, 0),
(248, 1958.64, -1560.38, 13.5942, 1962.12, -1559.78, 13.312, 133.695, 'None', 3000, 21, 0, 0, 0, 0),
(249, 1972.96, -1559.85, 13.6397, 1965.39, -1562.98, 13.3257, 135.332, 'None', 4000, 17, 0, 0, 0, 0),
(250, 2018.06, -1629.81, 14.0426, 2006.53, -1630.03, 13.1708, 180.697, 'None', 1000, 21, 0, 0, 0, 0),
(251, 2016.54, -1641.61, 14.1129, 2014.33, -1649.23, 13.2577, 89.7488, 'None', 4000, 17, 0, 0, 0, 0),
(252, 2013.58, -1656.39, 14.1363, 2006.62, -1656.35, 13.1708, 180.526, 'None', 3000, 5, 0, 0, 0, 0),
(253, 2018.24, -1703.17, 14.2344, 2017.28, -1707.82, 13.2557, 89.4074, 'None', 4000, 10, 0, 0, 0, 0),
(254, 2016.2, -1716.85, 14.125, 2006.57, -1716.95, 13.1708, 181.356, 'None', 1000, 21, 0, 0, 0, 0),
(255, 2015.35, -1732.7, 14.2344, 2014.9, -1737.03, 13.2595, 90.249, 'None', 4000, 21, 0, 0, 0, 0),
(256, 1980.38, -1718.93, 17.0303, 1979.38, -1709.62, 15.6776, 266.748, 'None', 4000, 11, 0, 0, 0, 0),
(257, 1969.15, -1705.14, 15.9688, 1962.16, -1709.37, 15.6776, 88.8876, 'None', 3000, 6, 0, 0, 0, 0),
(258, 1980.99, -1682.87, 17.0538, 1981.7, -1674.72, 15.6776, 270.51, 'None', 3000, 17, 0, 0, 0, 0),
(259, 1970.02, -1671.19, 15.9688, 1961.55, -1675.24, 15.6776, 94.1273, 'None', 3000, 5, 0, 0, 0, 0),
(260, 1973.37, -1654.67, 15.9688, 1981.27, -1658.48, 15.6776, 269.881, 'None', 4000, 10, 0, 0, 0, 0),
(261, 1972.27, -1633.71, 15.9688, 1988.23, -1633.85, 14.566, 271.365, 'None', 3000, 6, 0, 0, 0, 0),
(262, 315.799, -1769.43, 4.62167, 322.478, -1765.88, 4.31432, 179.205, 'None', 141000, 2, 0, 0, 0, 0),
(263, 305.239, -1770.22, 4.53807, 304.555, -1776.11, 4.22887, 269.527, 'None', 14000, 21, 0, 0, 0, 0),
(264, 295.275, -1764.12, 4.86803, 295.348, -1776.06, 4.1264, 268.985, 'None', 7000, 19, 0, 0, 0, 0),
(265, 280.875, -1767.07, 4.54688, 280.146, -1775.71, 3.98387, 269.397, 'None', 8000, 15, 0, 0, 0, 0),
(266, 206.847, -1768.88, 4.36879, 207.175, -1775.06, 3.48205, 270.203, 'None', 9000, 1, 0, 0, 0, 0),
(267, 192.709, -1769.39, 4.33013, 192.971, -1774.95, 3.4438, 271.65, 'None', 11000, 13, 0, 0, 0, 0),
(268, 168.322, -1768.41, 4.4871, 165.574, -1774.32, 3.99435, 88.7127, 'None', 33000, 7, 0, 0, 0, 0),
(269, 983.867, -1829.57, 13.3297, 981.307, -1836.15, 12.3222, 255.287, 'None', 7000, 4, 0, 0, 6, 0),
(270, 972.629, -1826.8, 13.3334, 970.012, -1833.52, 12.314, 255.547, 'Egor_Plakapenka', 14000, 30, 0, 0, 0, 0),
(271, 961.103, -1823.96, 13.3277, 957.899, -1830.6, 12.3078, 255.969, 'None', 12000, 21, 0, 0, 0, 0),
(272, 926.098, -1818.02, 13.3246, 923.98, -1827.16, 12.2914, 263.455, 'None', 11000, 1, 0, 0, 0, 0),
(273, 914.449, -1816.72, 13.3081, 912.99, -1825.85, 12.2082, 263.641, 'None', 11000, 19, 0, 0, 0, 0),
(274, 903.048, -1815.47, 13.3027, 904.076, -1824.38, 12.2816, 265.364, 'None', 14000, 21, 0, 0, 0, 0),
(275, 1326.26, -1090.58, 27.9766, 1328.56, -1080.7, 25.1485, 272.103, 'None', 14000, 14, 0, 0, 0, 0),
(276, 1325.95, -1067.69, 31.5547, 1322.14, -1076.92, 28.8885, 272.397, 'None', 7000, 15, 0, 0, 0, 0),
(277, 1285.26, -1067.25, 31.6789, 1279.65, -1059.01, 29.2606, 91.993, 'None', 14000, 13, 0, 0, 0, 0),
(278, 1285.27, -1090.29, 28.2578, 1280.69, -1099.21, 25.7027, 92.0862, 'None', 11000, 15, 0, 0, 0, 0),
(279, 1242.26, -1099.25, 27.9766, 1246.47, -1107.58, 25.228, 271.303, 'None', 14000, 14, 0, 0, 0, 0),
(280, 1241.95, -1076.52, 31.5547, 1245.81, -1067.67, 28.8566, 272.445, 'None', 12000, 13, 0, 0, 0, 0),
(281, 1183.48, -1098.99, 28.2578, 1178.94, -1107.93, 25.0814, 94.678, 'None', 14000, 15, 0, 0, 0, 0),
(282, 1142.12, -1093.08, 28.1875, 1146.09, -1101.43, 25.4153, 267.732, 'None', 9000, 13, 0, 0, 0, 0),
(283, 1141.81, -1070.07, 31.7656, 1144.88, -1061.2, 29.2656, 270.72, 'None', 10000, 14, 0, 0, 0, 0),
(284, 1183.47, -1076.08, 31.6789, 1178.82, -1067.54, 28.7277, 89.5604, 'None', 10000, 15, 0, 0, 0, 0),
(285, 1103.4, -1069.57, 31.8899, 1104.29, -1078.56, 28.9527, 91.878, 'None', 10000, 13, 0, 0, 0, 0),
(286, 1103.41, -1092.56, 28.4688, 1098.57, -1101.36, 25.2513, 86.4935, 'None', 8000, 14, 0, 0, 0, 0),
(287, 1411.03, -920.851, 38.4219, 1440.53, -926.12, 39.6477, 0, 'None', 13000, 13, 0, 0, 0, 0),
(288, 1440.71, -926.144, 39.6477, 1451.82, -931.984, 36.4625, 170.609, 'None', 14000, 14, 0, 0, 0, 0),
(289, 1068.42, -1081.35, 27.5411, 1077.27, -1080.97, 26.5839, 0.013347, 'None', 11000, 13, 0, 0, 0, 0),
(290, 1051.03, -1059.3, 34.7966, 1041.49, -1054.4, 31.412, 0, 'None', 13000, 1, 0, 0, 0, 0),
(291, 993.784, -1059.03, 33.6995, 1004.02, -1054.47, 30.6329, 6.0643, 'None', 13000, 13, 0, 0, 0, 0),
(292, 976.607, -1070.48, 27.1107, 968.27, -1071.81, 25.4367, 0.162232, 'None', 8000, 1, 0, 0, 0, 0),
(293, 985.8, -1094.39, 27.6041, 974.927, -1091.8, 23.7736, 91.2633, 'None', 9000, 4, 0, 0, 0, 0),
(294, 1291.03, -896.928, 46.6251, 1275.53, -918.625, 41.7587, 280.596, 'None', 8000, 19, 0, 0, 0, 0),
(295, 1283.54, -897.924, 42.8753, 1268.47, -917.441, 42.1097, 225.289, 'None', 11000, 1, 0, 0, 0, 0),
(296, 1288.35, -873.818, 46.8438, 1292.92, -882.155, 42.5842, 95.0099, 'None', 9000, 16, 0, 0, 0, 0),
(297, 1280.86, -874.822, 42.9396, 1278.4, -883.205, 42.5879, 96.6841, 'None', 13000, 19, 0, 0, 0, 0),
(298, 1242.12, -878.27, 46.6406, 1235.23, -888.839, 42.5917, 278.266, 'None', 7000, 21, 0, 0, 0, 0),
(299, 1242.11, -878.211, 42.8753, 1256.03, -885.586, 42.5917, 278.871, 'None', 13000, 1, 0, 0, 0, 0),
(300, 1252.89, -901.846, 46.5939, 1248.92, -900.946, 42.5917, 10.2485, 'None', 9000, 16, 0, 0, 0, 0),
(301, 1245.4, -902.85, 42.8828, 1254.81, -893.203, 42.5917, 281.318, 'None', 14000, 1, 0, 0, 0, 0),
(302, 1111.53, -976.445, 42.7656, 1110.97, -961.879, 42.3362, 272.894, 'None', 105000, 20, 0, 0, 0, 0),
(303, 1128, -1021.17, 34.9922, 1137.84, -1025.82, 31.6211, 179.167, 'None', 77000, 21, 0, 0, 0, 0),
(304, 1118.07, -1021.17, 34.9922, 1108.13, -1024.59, 31.6232, 177.299, 'None', 63000, 7, 0, 0, 0, 0),
(305, 766.922, -1605.78, 13.8039, 763.485, -1601.57, 13.1595, 89.3336, 'None', 7000, 1, 0, 0, 0, 0),
(306, 768.08, -1655.93, 5.60938, 764.725, -1660.47, 4.15265, 93.131, 'None', 13000, 4, 0, 0, 0, 0),
(307, 769.229, -1696.45, 5.15542, 759.911, -1701.57, 4.90316, 181.344, 'None', 8000, 13, 0, 0, 0, 0),
(308, 769.227, -1745.73, 13.0773, 760.141, -1747.03, 12.2131, 181.278, 'None', 7000, 19, 0, 0, 0, 0),
(309, 791.485, -1753.21, 13.4607, 785.131, -1763.92, 12.9019, 266.763, 'None', 8000, 14, 0, 0, 0, 0),
(310, 797.237, -1729.39, 13.5469, 805.469, -1734.48, 13.1708, 0.506412, 'None', 12000, 15, 0, 0, 0, 0),
(311, 793.975, -1707.53, 14.0382, 805.668, -1711.11, 13.1708, 0.111791, 'None', 7000, 21, 0, 0, 0, 0),
(312, 794.911, -1692.1, 14.4633, 805.628, -1692.46, 13.1708, 0.845448, 'None', 14000, 21, 0, 0, 0, 0),
(313, 790.896, -1661.14, 13.4845, 790.823, -1669.85, 13.1066, 271.384, 'None', 13000, 21, 0, 0, 0, 0),
(314, 652.666, -1693.95, 14.5436, 642.957, -1694.11, 14.6186, 171.207, 'None', 9000, 21, 0, 0, 0, 0),
(315, 653.594, -1713.94, 14.7648, 639.836, -1713.88, 13.9672, 169.299, 'None', 7000, 21, 0, 0, 0, 0),
(316, 657.228, -1652.59, 15.4062, 653.974, -1657.15, 14.3005, 91.1536, 'None', 7000, 21, 0, 0, 0, 0),
(317, 653.244, -1619.79, 15, 643.574, -1621.05, 14.847, 180.632, 'None', 11000, 21, 0, 0, 0, 0),
(318, 692.924, -1602.78, 15.0469, 688.288, -1599.56, 13.8064, 359.972, 'None', 12000, 13, 0, 0, 0, 0),
(319, 697.28, -1626.94, 3.74917, 706.383, -1627.81, 3.14635, 359.4, 'None', 12000, 14, 0, 0, 0, 0),
(320, 693.758, -1645.8, 4.09375, 696.508, -1641.3, 3.12015, 269.642, 'None', 7000, 15, 0, 0, 0, 0),
(321, 693.545, -1705.8, 3.81948, 705.855, -1704.11, 3.1501, 359.764, 'None', 13000, 13, 0, 0, 0, 0),
(322, 694.904, -1690.74, 4.34612, 705.589, -1694.98, 3.1513, 0.225518, 'None', 12000, 19, 0, 0, 0, 0),
(323, 818.215, -509.319, 18.0129, 828.424, -511.979, 16.489, 182.245, 'None', 13000, 1, 0, 0, 0, 0),
(324, 795.149, -506.148, 18.0129, 786.09, -514.708, 16.3142, 180.835, 'None', 10000, 13, 0, 0, 0, 0),
(325, 768.244, -503.481, 18.0129, 762.849, -515.733, 16.3935, 179.924, 'None', 8000, 4, 0, 0, 0, 0),
(326, 743.157, -509.318, 18.0129, 752.089, -515.46, 16.3034, 182.85, 'None', 10000, 14, 0, 0, 0, 0),
(327, 745.183, -556.784, 18.0129, 750.673, -547.503, 16.6249, 2.98056, 'None', 14000, 19, 0, 0, 0, 0),
(328, 766.556, -556.783, 18.0129, 771.699, -544.331, 16.3779, 3.44865, 'None', 12000, 21, 0, 0, 0, 0),
(329, 745.675, -591.175, 18.0129, 740.058, -581.746, 16.4697, 90.4881, 'None', 12000, 21, 0, 0, 0, 0),
(330, 312.721, -121.254, 3.53539, 319.005, -127.231, 1.90147, 270.629, 'None', 13000, 1, 0, 0, 0, 0),
(331, 312.721, -92.4089, 3.53539, 318.449, -84.4428, 1.98939, 270.558, 'None', 8000, 4, 0, 0, 0, 0),
(332, 295.022, -54.5433, 2.77721, 287.466, -53.0476, 1.28697, 179.643, 'None', 11000, 13, 0, 0, 0, 0),
(333, 267.692, -54.5444, 2.77721, 278.578, -54.0942, 1.28911, 181.726, 'None', 13000, 15, 0, 0, 0, 0),
(334, 252.888, -92.3986, 3.53539, 246.973, -86.2319, 1.9611, 88.2986, 'None', 10000, 19, 0, 0, 0, 0),
(335, 253.28, -22.2773, 1.63409, 250.879, -15.1575, 1.66753, 90.0206, 'None', 4000, 6, 0, 0, 0, 0),
(336, 248.712, -33.1535, 1.57812, 244.572, -33.3325, 1.28877, 0.934563, 'None', 3000, 10, 0, 0, 0, 0),
(337, 286.082, 41.1554, 2.54844, 290.247, 40.5718, 2.27461, 22.6882, 'None', 3000, 5, 0, 0, 0, 0),
(338, 317.703, 54.5622, 3.375, 312.271, 49.8213, 2.63366, 212.103, 'None', 4000, 17, 0, 0, 0, 0),
(339, 309.044, 44.3843, 3.08797, 311.254, 38.5979, 2.56154, 112.474, 'None', 4000, 11, 0, 0, 0, 0),
(340, 316.434, 18.2364, 4.51562, 313.036, 14.1963, 4.25213, 194.797, 'None', 3000, 21, 0, 0, 0, 0),
(341, 340.09, 33.5771, 6.40734, 341.53, 37.061, 6.19732, 219.321, 'None', 3000, 21, 0, 0, 0, 0),
(342, 342.653, 62.6838, 3.86305, 342.439, 67.1656, 3.62087, 117.853, 'None', 4000, 21, 0, 0, 0, 0),
(343, 870.347, -24.9007, 63.9899, 878.134, -28.4665, 62.9042, 161.283, 'None', 41000, 18, 0, 0, 0, 0),
(344, 705.457, 292.099, 20.4219, 710.97, 294.268, 19.9686, 186.398, 'None', 3000, 5, 0, 0, 0, 0),
(345, 719.056, 300.69, 20.3766, 720.929, 304.611, 19.9437, 95.2677, 'None', 3000, 6, 0, 0, 0, 0),
(346, 723.684, 269.675, 22.4531, 718.485, 267.571, 22.0464, 85.9418, 'None', 4000, 10, 0, 0, 0, 0),
(347, 747.114, 278.245, 27.2188, 753.918, 278.14, 27.179, 191.091, 'None', 4000, 11, 0, 0, 0, 0),
(348, 748.244, 257.126, 27.0859, 747.192, 261.504, 26.7948, 282.935, 'None', 3000, 21, 0, 0, 0, 0),
(349, 746.396, 305.012, 20.2344, 751.119, 304.617, 19.9432, 5.57742, 'None', 4000, 6, 0, 0, 0, 0),
(350, 748.466, 350.928, 20.5858, 747.429, 346.05, 20.2214, 216.103, 'None', 4000, 5, 0, 0, 0, 0),
(351, 772.915, 348.296, 20.1527, 769.711, 351.089, 19.6119, 101.358, 'None', 4000, 10, 0, 0, 0, 0),
(352, 751.725, 375.215, 23.3749, 748.786, 382.47, 22.8807, 279.493, 'None', 4000, 6, 0, 0, 0, 0),
(353, 758.941, 374.944, 23.3922, 760.541, 378.599, 22.8794, 279.987, 'None', 4000, 11, 0, 0, 0, 0),
(354, 783.195, 377.548, 21.2967, 784.634, 381.22, 20.992, 251.968, 'None', 3000, 5, 0, 0, 0, 0),
(355, 808.071, 372.32, 19.453, 807.228, 366.471, 19.0745, 80.4056, 'None', 4000, 17, 0, 0, 0, 0),
(356, 805.34, 358.368, 19.7621, 796.206, 358.348, 19.1152, 357.257, 'None', 3000, 21, 0, 0, 0, 0),
(357, 783.907, 352.588, 19.5938, 778.137, 351.245, 19.3673, 8.43601, 'None', 4000, 21, 0, 0, 0, 0),
(358, 1283.3, 158.423, 20.7934, 1279.97, 168.025, 19.9583, 280.63, 'None', 4000, 5, 0, 0, 0, 0),
(359, 1299.16, 140.344, 20.5389, 1293.36, 139.486, 20.1696, 357.469, 'None', 3000, 6, 0, 0, 0, 0),
(360, 1307.26, 153.229, 20.4921, 1308.87, 148.595, 20.0216, 337.223, 'None', 3000, 17, 0, 0, 0, 0),
(361, 1311.89, 169.527, 20.6311, 1316.4, 171.312, 20.1698, 343.422, 'None', 4000, 6, 0, 0, 0, 0),
(362, 1315.64, 180.219, 20.5546, 1318.8, 183.047, 20.0069, 3.5603, 'None', 3000, 10, 0, 0, 0, 0),
(363, 1303.65, 186.121, 20.5389, 1305.57, 190.031, 20.1697, 118.525, 'None', 3000, 5, 0, 0, 0, 0),
(364, 1296.39, 191.067, 20.5233, 1291.31, 188.574, 20.0836, 205.409, 'None', 4000, 17, 0, 0, 0, 0),
(365, 1295.43, 174.577, 20.9106, 1293.39, 178.993, 20.1717, 68.6825, 'None', 4000, 21, 0, 0, 0, 0),
(366, 1403.24, 333.826, 18.9062, 1398.34, 336.063, 18.5632, 124.519, 'None', 3000, 21, 0, 0, 0, 0),
(367, 1415.86, 324.644, 18.8438, 1410.07, 325.259, 18.5527, 137.461, 'None', 3000, 6, 0, 0, 0, 0),
(368, 1434.94, 334.917, 18.9469, 1431.17, 332.869, 18.5521, 70.2938, 'None', 4000, 21, 0, 0, 0, 0),
(369, 1409.47, 346.819, 19.252, 1413.32, 345.199, 18.5597, 342.588, 'None', 4000, 5, 0, 0, 0, 0),
(370, 1413.09, 363.013, 19.1994, 1417.66, 363.14, 18.7771, 158.312, 'None', 3000, 21, 0, 0, 0, 0),
(371, 1428.46, 356.506, 18.875, 1434.12, 354.696, 18.5526, 156.024, 'None', 4000, 21, 0, 0, 0, 0),
(372, 1447.5, 361.719, 18.9081, 1446.4, 366.384, 18.6762, 246.313, 'None', 3000, 6, 0, 0, 0, 0),
(373, 1461.07, 342.459, 18.9531, 1465.34, 346.915, 18.5505, 205.094, 'None', 3000, 10, 0, 0, 0, 0),
(374, 1469.66, 351.477, 18.9255, 1469.99, 355.934, 18.7771, 115.207, 'None', 3000, 21, 0, 0, 0, 0),
(375, 1465.71, 364.21, 19.2601, 1463.67, 369.606, 18.9872, 333.718, 'None', 4000, 17, 0, 0, 0, 0),
(376, 1475.35, 372.736, 19.6562, 1481.42, 373.589, 19.4443, 251.974, 'None', 3000, 21, 0, 0, 0, 0),
(377, 1488.57, 360.973, 19.4129, 1488.96, 365.452, 19.2347, 119.874, 'None', 4000, 11, 0, 0, 0, 0),
(378, 1451.77, 375.712, 19.4005, 1448.62, 371.224, 18.7576, 247.85, 'None', 3000, 17, 0, 0, 0, 0),
(379, 1419.54, 389.47, 19.3297, 1421.97, 385.306, 18.8839, 334.07, 'None', 3000, 21, 0, 0, 0, 0),
(380, 2322.27, -124.964, 28.1536, 2327.62, -118.036, 26.9488, 0, 'None', 13000, 1, 0, 0, 0, 0),
(381, 2293.75, -124.964, 28.1535, 2298.88, -119.612, 27.0901, 0, 'None', 9000, 4, 0, 0, 0, 0),
(382, 2272.37, -119.134, 28.1535, 2263.58, -115.726, 26.5925, 359.997, 'None', 9000, 13, 0, 0, 0, 0),
(383, 2245.39, -122.291, 28.1535, 2254.44, -118.02, 26.6774, 359.939, 'None', 7000, 16, 0, 0, 0, 0),
(384, 2203.11, -89.237, 28.1535, 2209.84, -80.0298, 26.4097, 269.31, 'None', 13000, 15, 0, 0, 0, 0),
(385, 2197.27, -60.6573, 28.1535, 2202.84, -65.2393, 27.0562, 271.405, 'None', 7000, 19, 0, 0, 0, 0),
(386, 2199.95, -37.3049, 28.1535, 2204.43, -46.652, 26.6702, 268.965, 'None', 11000, 21, 0, 0, 0, 0),
(387, 2245.45, -1.6618, 28.1536, 2240.34, -8.27735, 26.9731, 179.277, 'None', 11000, 21, 0, 0, 0, 0),
(388, 2270.45, -7.49833, 28.1535, 2279.3, -11.8985, 26.5384, 182.143, 'None', 9000, 21, 0, 0, 0, 0),
(389, 2269.43, 111.771, 28.4416, 2263.6, 105.226, 26.7655, 181.325, 'None', 12000, 21, 0, 0, 0, 0),
(390, 2249.25, 111.771, 28.4416, 2253.45, 106.379, 26.9523, 179.727, 'None', 9000, 21, 0, 0, 0, 0),
(391, 2203.85, 62.2819, 28.4416, 2210.53, 56.033, 26.7433, 269.571, 'None', 7000, 21, 0, 0, 0, 0),
(392, 2236.48, 168.304, 28.1535, 2231.43, 161.456, 26.9523, 182.303, 'None', 14000, 13, 0, 0, 0, 0),
(393, 2257.98, 168.337, 28.1536, 2253.07, 161.443, 26.9513, 178.577, 'None', 12000, 14, 0, 0, 0, 0),
(394, 2285.87, 161.771, 28.4416, 2294.09, 156.231, 26.9261, 181.212, 'None', 10000, 19, 0, 0, 0, 0),
(395, 2549.23, 25.0746, 27.6756, 2552.25, 14.0508, 26.7359, 91.3747, 'None', 8000, 14, 0, 0, 0, 0),
(396, 2551.22, -5.46545, 27.6756, 2551.66, 1.99447, 26.1854, 90.004, 'None', 13000, 19, 0, 0, 0, 0),
(397, 2513.3, -28.4032, 28.4416, 2518.97, -22.1378, 26.8106, 0, 'None', 7000, 13, 0, 0, 0, 0),
(398, 2484.53, -28.4036, 28.4416, 2476.48, -23.0276, 26.9526, 358.183, 'None', 13000, 4, 0, 0, 0, 0),
(399, 2488.4, 11.7616, 28.4416, 2496.45, 5.37254, 26.7876, 180.607, 'None', 8000, 13, 0, 0, 0, 0),
(400, 2509.5, 11.763, 28.4416, 2503.58, 5.29275, 26.7775, 179.791, 'None', 14000, 19, 0, 0, 0, 0),
(401, 2443.85, 92.1797, 28.4416, 2449.96, 86.3008, 26.8345, 269.298, 'None', 10000, 4, 0, 0, 0, 0),
(402, 2462.66, 134.779, 27.6756, 2469.04, 126.375, 26.1854, 178.958, 'None', 13000, 16, 0, 0, 0, 0),
(403, 2480.54, 126.995, 27.6756, 2494.34, 128.079, 26.716, 178.44, 'None', 10000, 15, 0, 0, 0, 0),
(404, 2518.49, 128.986, 27.6756, 2503.51, 127.169, 26.1854, 180.478, 'None', 7000, 21, 0, 0, 0, 0),
(405, 2536.16, 128.987, 27.6835, 2528.6, 128.47, 26.1932, 181.233, 'None', 8000, 21, 0, 0, 0, 0),
(406, 2551.22, 91.6863, 27.6756, 2549.57, 81.1097, 26.1854, 93.3677, 'None', 12000, 13, 0, 0, 0, 0),
(407, 2551.22, 57.2551, 27.6756, 2549.34, 72.0702, 26.1854, 89.1081, 'None', 13000, 15, 0, 0, 0, 0),
(408, 2518.62, 58.3576, 27.6835, 2516.68, 71.4732, 26.7327, 270.484, 'None', 13000, 19, 0, 0, 0, 0),
(409, 2513.96, 94.395, 27.6835, 2503.63, 96.0695, 26.1931, 0, 'None', 12000, 21, 0, 0, 0, 0),
(410, 2479.42, 94.3963, 27.6835, 2494.6, 96.0826, 26.1932, 0, 'None', 14000, 21, 0, 0, 0, 0),
(411, 2481.22, 64.3803, 27.6835, 2481.6, 72.0227, 26.1932, 89.084, 'None', 8000, 21, 0, 0, 0, 0),
(412, 2446.63, 18.9023, 27.6835, 2446.59, 11.5255, 26.1932, 269.353, 'None', 11000, 21, 0, 0, 0, 0),
(413, 2443.39, 61.7627, 28.4416, 2451.24, 56.3505, 26.9467, 182.047, 'None', 14000, 13, 0, 0, 0, 0),
(414, 2413.52, 61.7612, 28.4416, 2409.31, 55.487, 26.8089, 180.592, 'None', 11000, 21, 0, 0, 0, 0),
(415, 2411.22, 21.7404, 27.6835, 2409.51, 11.5537, 26.1932, 91.0801, 'None', 11000, 16, 0, 0, 0, 0),
(416, 2411.22, -5.64487, 27.6835, 2409.62, 1.62891, 26.1932, 92.3172, 'None', 12000, 21, 0, 0, 0, 0),
(417, 2448.34, -11.02, 27.6835, 2433.4, -12.241, 26.1932, 182.242, 'None', 14000, 21, 0, 0, 0, 0),
(418, 2438.76, -54.9642, 28.1535, 2443.48, -48.6672, 26.998, 358.369, 'None', 14000, 21, 0, 0, 0, 0),
(419, 2415.44, -52.2838, 28.1535, 2423.94, -47.5239, 26.6454, 359.898, 'None', 7000, 21, 0, 0, 0, 0),
(420, 2392.4, -54.9634, 28.1536, 2397.83, -48.9362, 27.0187, 0.796721, 'None', 7000, 13, 0, 0, 0, 0),
(421, 2367.32, -49.1265, 28.1535, 2359.06, -45.4549, 26.5779, 0.274494, 'None', 12000, 19, 0, 0, 0, 0),
(422, 2398.3, 111.763, 28.4416, 2406.38, 105.538, 26.8149, 180.206, 'None', 8000, 21, 0, 0, 0, 0),
(423, 2373.85, 71.1565, 28.4416, 2379.19, 79.0806, 26.9576, 271.223, 'None', 12000, 21, 0, 0, 0, 0),
(424, 2373.85, 42.2618, 28.4416, 2378.99, 36.3205, 26.9927, 268.384, 'None', 8000, 13, 0, 0, 0, 0),
(425, 2373.85, 21.9997, 28.4416, 2378.91, 26.238, 27.005, 270.534, 'None', 11000, 21, 0, 0, 0, 0),
(426, 2373.85, -8.63091, 28.4416, 2379.98, -12.6551, 26.8323, 270.27, 'None', 12000, 21, 0, 0, 0, 0),
(427, 2364, 116.168, 28.4416, 2357.37, 122.497, 26.7512, 91.8252, 'None', 7000, 13, 0, 0, 0, 0),
(428, 2364, 142.002, 28.4416, 2358.37, 146.243, 26.9147, 89.8251, 'None', 11000, 4, 0, 0, 0, 0),
(429, 2364, 166.164, 28.4416, 2358.23, 172.449, 26.8918, 90.0518, 'None', 8000, 13, 0, 0, 0, 0),
(430, 2363.99, 187.272, 28.4416, 2358.02, 179.473, 26.845, 85.1155, 'None', 8000, 21, 0, 0, 0, 0),
(431, 2323.85, 116.082, 28.4416, 2328.94, 124.271, 26.9981, 270.684, 'None', 8000, 13, 0, 0, 0, 0),
(432, 2323.85, 136.426, 28.4416, 2330.57, 132.381, 26.7369, 270.532, 'None', 7000, 21, 0, 0, 0, 0),
(433, 2323.85, 162.176, 28.4416, 2329.78, 155.951, 26.8645, 268.851, 'None', 14000, 4, 0, 0, 0, 0),
(434, 2323.85, 191.22, 28.4416, 2329.37, 199.256, 26.9288, 270.106, 'None', 9000, 21, 0, 0, 0, 0),
(435, 1421.87, -886.229, 50.6863, 1430.83, -882.626, 50.5041, 41.6984, 'None', 14000, 14, 0, 0, 0, 0),
(436, 1468.62, -906.185, 54.8359, 1464.38, -902.21, 54.5448, 357.742, 'None', 59000, 21, 0, 0, 0, 0),
(437, 1535.79, -885.323, 57.6575, 1516.27, -879.841, 61.2221, 53.3493, 'None', 68000, 21, 0, 0, 0, 0),
(438, 1540.47, -851.399, 64.3361, 1536.62, -841.958, 64.4182, 91.6994, 'None', 121000, 8, 0, 0, 0, 0),
(439, 1535.03, -800.198, 72.8495, 1530.3, -813.443, 71.6541, 90.6213, 'None', 67000, 21, 0, 0, 0, 0),
(440, 1527.82, -772.584, 80.5781, 1514.05, -768.047, 80.0836, 140.066, 'None', 179000, 20, 0, 0, 0, 0),
(441, 1496.95, -687.892, 95.5633, 1517.39, -694.937, 94.4588, 91.663, 'None', 319000, 8, 0, 0, 0, 0),
(442, 1442.62, -628.831, 95.7186, 1460.13, -633.801, 95.5112, 178.622, 'None', 101000, 8, 0, 0, 0, 0),
(443, 1332.21, -633.469, 109.135, 1354.7, -629.631, 108.842, 16.9831, 'None', 280000, 20, 0, 0, 0, 0),
(444, 1095, -647.915, 113.648, 1089.02, -640.883, 112.823, 272.361, 'None', 307000, 8, 0, 0, 0, 0),
(445, 1045.11, -642.945, 120.117, 1039.48, -640.356, 119.826, 7.33159, 'None', 146000, 8, 0, 0, 0, 0),
(446, 980.504, -677.254, 121.976, 1011.48, -660.008, 120.85, 33.1286, 'None', 328000, 8, 0, 0, 0, 0),
(447, 897.891, -677.16, 116.89, 913.182, -665.592, 116.735, 234.85, 'None', 130000, 20, 0, 0, 0, 0),
(448, 867.574, -717.619, 105.68, 865.915, -711.276, 105.389, 334.786, 'None', 175000, 8, 0, 0, 0, 0),
(449, 946.372, -710.667, 122.62, 941.538, -710.542, 121.92, 28.1327, 'None', 193000, 2, 0, 0, 0, 0),
(450, 827.776, -857.996, 70.3308, 831.797, -857.926, 69.6347, 198.513, 'None', 78000, 21, 0, 0, 0, 0),
(451, 835.943, -894.847, 68.7689, 833.432, -889.019, 68.4823, 324.654, 'None', 154000, 2, 0, 0, 0, 0),
(452, 785.945, -828.585, 70.2896, 796.394, -841.295, 60.3509, 190.014, 'None', 42000, 7, 0, 0, 0, 0),
(453, 858.656, -828.676, 89.5017, 860.357, -849.59, 77.0176, 205.888, 'None', 52000, 18, 0, 0, 0, 0),
(454, 874.706, -877.271, 77.8119, 872.316, -871.401, 77.2746, 22.7229, 'None', 75000, 21, 0, 0, 0, 0),
(455, 937.883, -848.707, 93.5772, 944.482, -841.861, 93.7826, 27.642, 'None', 80000, 8, 0, 0, 0, 0),
(456, 923.898, -853.397, 93.4565, 932.164, -856.575, 93.1922, 28.1227, 'None', 55000, 21, 0, 0, 0, 0),
(457, 910.371, -817.551, 103.126, 918.058, -831.098, 92.8725, 117.984, 'None', 110000, 8, 0, 0, 0, 0),
(458, 989.878, -828.614, 95.4686, 979.108, -829.492, 95.5176, 27.9396, 'None', 162000, 2, 0, 0, 0, 0),
(459, 1034.82, -813.181, 101.852, 1028.82, -810.309, 101.56, 20.7693, 'None', 130000, 8, 0, 0, 0, 0),
(460, 1016.94, -763.362, 112.563, 1024.72, -776.659, 102.837, 88.0995, 'None', 55000, 21, 0, 0, 0, 0),
(461, 1094.02, -807.122, 107.419, 1101.15, -820.749, 86.6542, 93.7291, 'None', 299000, 8, 0, 0, 0, 0),
(462, 1112.64, -741.912, 100.133, 1109.77, -732.597, 100.07, 90.7463, 'None', 182000, 20, 0, 0, 0, 0),
(463, 1259.64, -785.495, 92.0312, 1248.72, -804.987, 83.8495, 179.184, 'None', 271000, 2, 0, 0, 0, 0),
(464, 891.284, -783.117, 101.314, 895.578, -778.834, 101.023, 292.338, 'None', 194000, 2, 0, 0, 0, 0),
(465, 977.487, -771.715, 112.203, 954.535, -764.969, 108.65, 98.9712, 'None', 70000, 18, 0, 0, 0, 0),
(466, 142.666, -1470.39, 25.2109, 151.492, -1470.78, 25.0839, 50.0922, 'None', 135000, 2, 0, 0, 0, 0),
(467, 161.513, -1455.87, 32.845, 162.742, -1443.45, 36.0187, 51.7989, 'None', 33000, 7, 0, 0, 0, 0),
(468, 228.023, -1405.47, 51.6094, 228.136, -1400.25, 51.3026, 54.895, 'None', 81000, 8, 0, 0, 0, 0),
(469, 189.637, -1308.15, 70.2494, 166.972, -1340.44, 69.4464, 180.865, 'None', 252000, 8, 0, 0, 0, 0),
(470, 254.43, -1367.2, 53.1094, 250.598, -1359.47, 52.8182, 304.54, 'None', 117000, 20, 0, 0, 0, 0),
(471, 298.835, -1338.42, 53.4415, 311.049, -1333.74, 53.1561, 33.0971, 'None', 186000, 20, 0, 0, 0, 0),
(472, 345.091, -1298.1, 50.759, 340.255, -1296.82, 53.9328, 27.1747, 'None', 58000, 21, 0, 0, 0, 0),
(473, 355.039, -1281.2, 53.7036, 359.455, -1275.73, 53.4543, 295.644, 'None', 64000, 7, 0, 0, 0, 0),
(474, 398.092, -1271.4, 50.0198, 406.327, -1263.85, 50.1741, 22.4939, 'None', 116000, 20, 0, 0, 0, 0),
(475, 432.277, -1253.87, 51.5809, 422.677, -1263.27, 51.2898, 21.547, 'None', 66000, 21, 0, 0, 0, 0),
(476, 552.992, -1200.26, 44.8315, 542.415, -1201.22, 44.1181, 293.049, 'None', 122000, 2, 0, 0, 0, 0),
(477, 565.893, -1113.08, 62.8064, 568.715, -1133.01, 50.3281, 118.926, 'None', 81000, 2, 0, 0, 0, 0),
(478, 558.929, -1160.99, 54.4297, 561.079, -1153.52, 52.0747, 297.628, 'None', 65000, 18, 0, 0, 0, 0),
(479, 470.863, -1163.53, 67.2181, 464.113, -1162.2, 67.2276, 194.388, 'None', 159000, 8, 0, 0, 0, 0),
(480, 416.591, -1154.01, 76.6876, 405.947, -1152.99, 76.8812, 145.892, 'None', 111000, 2, 0, 0, 0, 0),
(481, 352.324, -1198.01, 76.5156, 346.286, -1197.12, 76.2245, 39.3279, 'None', 90000, 8, 0, 0, 0, 0),
(482, 300.267, -1154.48, 81.3895, 283.701, -1160.86, 80.6219, 224.116, 'None', 264000, 2, 0, 0, 0, 0),
(483, 251.444, -1220.2, 76.1024, 252.279, -1228.66, 74.1046, 217.606, 'None', 177000, 20, 0, 0, 0, 0),
(484, 253.313, -1269.93, 74.4305, 277.943, -1267.09, 73.6542, 302.374, 'None', 313000, 8, 0, 0, 0, 0),
(485, 219.181, -1249.84, 78.3367, 222.552, -1267.59, 65.2158, 142.228, 'None', 256000, 2, 0, 0, 0, 0),
(486, 497.434, -1095.07, 82.3592, 479.799, -1088.64, 82.1889, 356.689, 'None', 335000, 2, 0, 0, 0, 0),
(487, 559.232, -1076.35, 72.922, 564.879, -1067.61, 73.1463, 29.8321, 'None', 179000, 20, 0, 0, 0, 0),
(488, 612.183, -1085.91, 58.8267, 619.483, -1102.21, 46.41, 214.41, 'None', 161000, 8, 0, 0, 0, 0),
(489, 646.182, -1117.23, 44.207, 634.879, -1120.84, 44.9282, 43.5578, 'None', 184000, 8, 0, 0, 0, 0),
(490, 700.086, -1060.16, 49.4217, 686.151, -1072.6, 49.2614, 59.0055, 'None', 346000, 8, 0, 0, 0, 0),
(491, 648.395, -1058.62, 52.5799, 658.465, -1065.16, 48.5577, 141.528, 'None', 91000, 20, 0, 0, 0, 0),
(492, 673.144, -1020.12, 55.7596, 683.834, -1026.52, 51.1009, 236.345, 'None', 105000, 20, 0, 0, 0, 0),
(493, 724.704, -999.379, 52.7344, 726.6, -994.905, 52.3823, 60.4189, 'None', 188000, 2, 0, 0, 0, 0),
(494, 847.966, -745.478, 94.9693, 835.317, -755.334, 85.0215, 219.474, 'None', 167000, 8, 0, 0, 0, 0),
(495, 808.287, -759.465, 76.5314, 814.5, -768.259, 76.5596, 285.508, 'None', 95000, 8, 0, 0, 0, 0),
(496, -2864.92, 681.377, 23.4599, -2859.9, 680.215, 22.9397, 294.449, 'None', 56000, 7, 0, 0, 0, 0),
(497, -2869.39, 690.944, 23.4617, -2867.24, 695.855, 23.2876, 294.316, 'None', 41000, 18, 0, 0, 0, 0),
(498, -2872.4, 697.396, 23.4628, -2870.58, 702.244, 23.3824, 294.049, 'None', 55000, 21, 0, 0, 0, 0),
(499, -2882.36, 726.845, 29.2002, -2876.07, 724.714, 28.9388, 278.413, 'None', 44000, 21, 0, 0, 0, 0),
(500, -2883.57, 736.701, 29.2114, -2878.04, 734.322, 29.3348, 276.172, 'None', 34000, 21, 0, 0, 0, 0),
(501, -2884.16, 743.444, 29.2177, -2879.14, 740.426, 29.5582, 275.693, 'None', 63000, 7, 0, 0, 0, 0),
(502, -2884.78, 750.581, 29.2013, -2880.35, 747.779, 29.7138, 273.956, 'None', 75000, 18, 0, 0, 0, 0),
(503, -2882.27, 779.856, 35.0794, -2878.31, 776.124, 34.0713, 260.723, 'None', 49000, 21, 0, 0, 0, 0),
(504, -2881.25, 790.242, 35.159, -2878.37, 782.873, 34.7243, 258.246, 'None', 33000, 21, 0, 0, 0, 0);
INSERT INTO `houses` (`house_ID`, `house_enterX`, `house_enterY`, `house_enterZ`, `house_carX`, `house_carY`, `house_carZ`, `house_carA`, `house_owner`, `house_price`, `house_interior`, `house_lock`, `house_product`, `house_garage`, `house_improove`) VALUES
(505, -2880.74, 797.585, 35.1474, -2876.78, 793.418, 35.3864, 261.924, 'None', 37000, 7, 0, 0, 0, 0),
(506, -2868.78, 820.947, 39.4614, -2866.36, 816.173, 38.7905, 238.542, 'None', 66000, 18, 0, 0, 0, 0),
(507, -2863.75, 829.662, 39.54, -2861.66, 824.829, 39.3047, 239.13, 'None', 43000, 21, 0, 0, 0, 0),
(508, -2859.99, 835.719, 39.67, -2858.3, 830.531, 39.8185, 240.599, 'None', 30000, 21, 0, 0, 0, 0),
(509, -2856.66, 841.946, 39.6502, -2854.64, 837.081, 40.3161, 239.772, 'None', 57000, 21, 0, 0, 0, 0),
(510, -2840.23, 866.889, 44.0547, -2836.34, 863.592, 43.7635, 268.71, 'None', 8000, 1, 0, 0, 0, 0),
(511, -2840.23, 877.39, 44.0547, -2836.04, 880.621, 43.7635, 269.262, 'None', 7000, 4, 0, 0, 0, 0),
(512, -2840.23, 884.62, 44.0547, -2836, 888.02, 43.7635, 268.262, 'None', 11000, 12, 0, 0, 0, 0),
(513, -2843.22, 904.482, 44.0547, -2838.43, 901.59, 43.7635, 273.868, 'None', 8000, 1, 0, 0, 0, 0),
(514, -2844.09, 914.421, 44.0547, -2839.43, 911.655, 43.7635, 273.476, 'None', 8000, 4, 0, 0, 0, 0),
(515, -2844.7, 921.318, 44.0547, -2840.22, 918.05, 43.7635, 273.03, 'None', 12000, 12, 0, 0, 0, 0),
(516, -2845.31, 928.357, 44.0547, -2840.48, 925.416, 43.7635, 271.381, 'None', 11000, 13, 0, 0, 0, 0),
(517, -2853.26, 947.598, 44.0547, -2847.99, 946.537, 43.769, 295.191, 'None', 13000, 14, 0, 0, 0, 0),
(518, -2857.62, 956.937, 44.0547, -2855.54, 961.724, 43.7088, 294.383, 'None', 11000, 19, 0, 0, 0, 0),
(519, -2860.73, 963.582, 44.0547, -2858.7, 968.56, 43.6538, 296.333, 'None', 8000, 21, 0, 0, 0, 0),
(520, -2875.92, 981.055, 40.726, -2870.31, 980.634, 40.7413, 300.986, 'None', 7000, 1, 0, 0, 0, 0),
(521, -2880.99, 989.552, 40.7188, -2875.59, 989.225, 40.3083, 300.762, 'None', 8000, 4, 0, 0, 0, 0),
(522, -2895.58, 1016.97, 36.8281, -2890.8, 1015.23, 36.5304, 289.656, 'None', 7000, 13, 0, 0, 0, 0),
(523, -2899.22, 1026.94, 36.8281, -2896.28, 1031.45, 36.0267, 290.307, 'None', 7000, 21, 0, 0, 0, 0),
(524, -2901.61, 1033.48, 36.8281, -2898.97, 1038.3, 35.9203, 289.473, 'None', 11000, 21, 0, 0, 0, 0),
(525, -2900.47, 1056.76, 32.1328, -2896.26, 1053.91, 32.1087, 271.368, 'None', 12000, 21, 0, 0, 0, 0),
(526, -2900.72, 1066.75, 32.1328, -2896.49, 1063.81, 31.7873, 269.375, 'None', 8000, 21, 0, 0, 0, 0),
(527, -2900.72, 1073.91, 32.1328, -2896.3, 1070.15, 31.5751, 270.593, 'None', 13000, 1, 0, 0, 0, 0),
(528, -2900.71, 1080.89, 32.1328, -2896.3, 1077.8, 31.4254, 267.995, 'None', 14000, 4, 0, 0, 0, 0),
(529, -2905.2, 1154.8, 13.6641, -2900.77, 1151.53, 13.5412, 270.698, 'None', 36000, 21, 0, 0, 0, 0),
(530, -2904.81, 1111.53, 27.0703, -2900.7, 1114.97, 26.3982, 270.341, 'None', 61000, 18, 0, 0, 0, 0),
(531, -2904.47, 1101, 27.0703, -2900.85, 1104.66, 26.7673, 269.251, 'None', 41000, 21, 0, 0, 0, 0),
(532, -2789.17, -181.417, 10.0625, -2796.35, -183.791, 6.89638, 90.1581, 'None', 11000, 21, 0, 0, 0, 0),
(533, -2790.24, -168.249, 7.20195, -2797.08, -171.023, 6.90038, 89.9611, 'None', 10000, 1, 0, 0, 0, 0),
(534, -2791.97, -160.467, 10.0547, -2801.18, -161.887, 6.89635, 359.599, 'None', 11000, 13, 0, 0, 0, 0),
(535, -2792.95, -153.094, 7.55455, -2796.62, -149.242, 6.89635, 89.9207, 'None', 14000, 19, 0, 0, 0, 0),
(536, -2791.58, -145.937, 7.85938, -2800.96, -140.418, 6.89636, 89.0763, 'None', 10000, 21, 0, 0, 0, 0),
(537, -2791.88, -134.467, 10.0547, -2796.9, -132.172, 6.90443, 89.5982, 'None', 14000, 4, 0, 0, 0, 0),
(538, -2793.15, -127.1, 7.1875, -2801.06, -123.119, 6.89636, 359.728, 'None', 14000, 21, 0, 0, 0, 0),
(539, -2790.25, -111.119, 7.20195, -2796.5, -115.764, 6.89635, 89.1276, 'None', 11000, 21, 0, 0, 0, 0),
(540, -2791.58, -107.284, 7.85938, -2801.1, -105.608, 6.89636, 0.115349, 'None', 13000, 21, 0, 0, 0, 0),
(541, -2791.86, -94.7834, 10.0547, -2796.17, -92.2762, 6.89637, 88.7611, 'None', 12000, 1, 0, 0, 0, 0),
(542, -2790.57, -82.6446, 7.19531, -2796.19, -85.6197, 6.89635, 89.772, 'None', 13000, 4, 0, 0, 0, 0),
(543, -2622.35, -198.209, 4.33594, -2616.23, -193.897, 4.04855, 270.552, 'None', 4000, 11, 0, 0, 0, 0),
(544, -2620.57, -185.897, 7.20312, -2616.38, -188.356, 4.04479, 269.505, 'None', 3000, 17, 0, 0, 0, 0),
(545, -2621, -173.391, 5, -2610.54, -176.663, 4.04479, 0.840233, 'None', 3000, 21, 0, 0, 0, 0),
(546, -2622.36, -169.45, 4.34258, -2616.17, -167.439, 4.04924, 270.176, 'None', 4000, 21, 0, 0, 0, 0),
(547, -2619.46, -153.615, 4.33594, -2610.7, -158.315, 4.03761, 359.839, 'None', 3000, 21, 0, 0, 0, 0),
(548, -2620.68, -146.213, 7.20312, -2616.57, -148.866, 4.04479, 269.492, 'None', 4000, 21, 0, 0, 0, 0),
(549, -2620.74, -120.212, 7.20312, -2611.14, -118.752, 4.04479, 0.542124, 'None', 3000, 17, 0, 0, 0, 0),
(550, -2622.11, -112.304, 4.34258, -2616.28, -110.182, 4.04902, 269.635, 'None', 4000, 11, 0, 0, 0, 0),
(551, -2623.43, -99.2688, 7.20312, -2616.51, -96.9879, 4.04479, 270.335, 'None', 4000, 21, 0, 0, 0, 0),
(552, -2724.67, -191.226, 4.33594, -2718.87, -188.392, 4.04479, 267.877, 'None', 14000, 1, 0, 0, 0, 0),
(553, -2723.01, -179.075, 7.20312, -2719, -181.582, 4.04479, 269.87, 'None', 14000, 4, 0, 0, 0, 0),
(554, -2723.33, -166.501, 5, -2712.65, -170.588, 4.03697, 359.225, 'None', 12000, 12, 0, 0, 0, 0),
(555, -2724.68, -162.57, 4.34258, -2718.56, -160.354, 4.04479, 267.478, 'None', 9000, 13, 0, 0, 0, 0),
(556, -2721.68, -146.892, 4.33594, -2712.72, -150.805, 4.02916, 358.591, 'None', 8000, 19, 0, 0, 0, 0),
(557, -2723.02, -139.391, 7.20312, -2712.52, -137.98, 4.03698, 1.03552, 'None', 11000, 21, 0, 0, 0, 0),
(558, -2723.33, -127.968, 5, -2718.58, -125.626, 4.04481, 269.174, 'None', 11000, 21, 0, 0, 0, 0),
(559, -2721.76, -120.756, 4.33594, -2713.07, -120.511, 4.03698, 0.305187, 'None', 9000, 13, 0, 0, 0, 0),
(560, -2723.22, -113.391, 7.20312, -2712.91, -112.355, 4.03698, 359.059, 'None', 8000, 21, 0, 0, 0, 0),
(561, -2724.68, -105.615, 4.34258, -2718.69, -103.215, 4.04479, 269.907, 'None', 11000, 1, 0, 0, 0, 0),
(562, -2725.75, -92.6131, 7.20312, -2718.6, -90.0487, 4.04473, 270.463, 'None', 13000, 13, 0, 0, 0, 0),
(563, -2688.06, -89.4901, 4.33594, -2693.68, -91.8707, 4.04479, 88.4398, 'None', 4000, 17, 0, 0, 0, 0),
(564, -2689.4, -101.604, 7.20312, -2693.92, -99.0983, 4.04479, 89.1172, 'None', 4000, 21, 0, 0, 0, 0),
(565, -2689.24, -114.312, 5, -2699.45, -110.221, 4.03697, 179.694, 'None', 4000, 21, 0, 0, 0, 0),
(566, -2687.9, -117.872, 4.34258, -2694.27, -120.155, 4.04479, 90.0114, 'None', 3000, 21, 0, 0, 0, 0),
(567, -2690.79, -133.771, 4.33594, -2699.48, -129.16, 4.03698, 179.302, 'None', 4000, 21, 0, 0, 0, 0),
(568, -2689.48, -141.286, 7.20312, -2693.93, -138.695, 4.04479, 88.6835, 'None', 3000, 21, 0, 0, 0, 0),
(569, -2689.25, -152.789, 5, -2694.02, -147.157, 4.0448, 88.7209, 'None', 3000, 17, 0, 0, 0, 0),
(570, -2690.5, -159.852, 4.76837, -2693.8, -155.524, 4.04479, 89.9952, 'None', 3000, 21, 0, 0, 0, 0),
(571, -2689.72, -167.296, 7.20312, -2698.57, -165.447, 4.03698, 179.944, 'None', 3000, 21, 0, 0, 0, 0),
(572, -2687.89, -175.098, 4.34258, -2693.91, -177.417, 4.04479, 88.5495, 'None', 4000, 21, 0, 0, 0, 0),
(573, -2686.82, -188.2, 7.20312, -2694.01, -190.887, 4.04906, 89.9266, 'None', 4000, 0, 0, 0, 0, 0),
(601, -2789.19, 183.663, 10.0625, -2796.29, 181.154, 6.89635, 89.7225, 'None', 14000, 4, 0, 0, 0, 0),
(574, -2789.17, -52.621, 10.0625, -2796.17, -55.8431, 6.8983, 90.8228, 'None', 14000, 4, 0, 0, 0, 0),
(575, -2791.73, -41.815, 10.0547, -2796.32, -39.2443, 6.9001, 91.2734, 'None', 9000, 1, 0, 0, 0, 0),
(576, -2791.59, -35.9967, 7.85938, -2796.46, -30.3124, 6.91362, 90.26, 'None', 11000, 13, 0, 0, 0, 0),
(577, -2791.59, -24.3972, 10.0547, -2796.34, -26.5689, 6.90012, 90.1126, 'None', 10000, 19, 0, 0, 0, 0),
(578, -2791.58, -17.7308, 7.85938, -2796.41, -12.1717, 6.89638, 90.081, 'None', 13000, 21, 0, 0, 0, 0),
(579, -2722.89, -17.3128, 7.20312, -2718.56, -19.8173, 4.04842, 269.283, 'None', 7000, 1, 0, 0, 0, 0),
(580, -2721.81, -23.2429, 4.56924, -2718.41, -29.8445, 4.04843, 269.604, 'None', 14000, 19, 0, 0, 0, 0),
(592, -2790.24, 69.7299, 7.20195, -2796.63, 62.6816, 6.89625, 89.7745, 'None', 9000, 4, 0, 0, 0, 0),
(581, -2725.79, -36.6993, 7.19531, -2718.43, -34.1105, 4.04832, 269.271, 'None', 9000, 21, 0, 0, 0, 0),
(582, -2722.1, -44.6458, 4.76173, -2718.67, -48.8248, 4.04661, 269.372, 'None', 10000, 21, 0, 0, 0, 0),
(583, -2724.7, -58.1293, 4.34258, -2718.57, -55.6462, 4.04661, 270.02, 'None', 11000, 21, 0, 0, 0, 0),
(584, -2619.75, -127.743, 4.77024, -2616.18, -131.502, 4.04479, 269.624, 'None', 4000, 17, 0, 0, 0, 0),
(585, -2620.96, -134.752, 5, -2610.89, -139.231, 4.04084, 1.48121, 'None', 3000, 21, 0, 0, 0, 0),
(586, -2723.17, 4.40465, 7.20312, -2718.73, 2.17212, 4.04479, 269.634, 'None', 8000, 1, 0, 0, 0, 0),
(587, -2722.08, 14.4547, 4.75765, -2718.51, 10.4213, 4.04629, 270.02, 'None', 8000, 13, 0, 0, 0, 0),
(588, -2723.03, 21.905, 7.20312, -2713.35, 21.6376, 4.03698, 0, 'None', 7000, 19, 0, 0, 0, 0),
(589, -2793.14, 21.5824, 7.1875, -2802.35, 25.6043, 6.88461, 179.488, 'None', 10000, 21, 0, 0, 0, 0),
(590, -2793.14, 11.0709, 7.43234, -2796.25, 18.0255, 6.91517, 90.0037, 'None', 12000, 1, 0, 0, 0, 0),
(591, -2790.26, 7.24836, 7.19531, -2796.21, 4.67586, 6.89635, 89.9224, 'None', 13000, 13, 0, 0, 0, 0),
(593, -2791.81, 77.5928, 10.0547, -2801.77, 76.963, 6.88463, 0, 'None', 7000, 1, 0, 0, 0, 0),
(594, -2792.85, 85.0274, 7.62434, -2796.28, 88.4724, 6.89636, 88.9552, 'None', 9000, 12, 0, 0, 0, 0),
(595, -2791.59, 92.1327, 7.85938, -2795.89, 96.9468, 6.89821, 90.6516, 'None', 7000, 13, 0, 0, 0, 0),
(596, -2791.67, 103.604, 10.0547, -2796.11, 101.854, 6.90012, 89.4152, 'None', 13000, 14, 0, 0, 0, 0),
(597, -2793.14, 110.992, 7.1875, -2800.76, 114.82, 6.88853, 0.484971, 'None', 10000, 19, 0, 0, 0, 0),
(598, -2790.25, 126.775, 7.20195, -2795.96, 124.5, 6.89823, 89.2617, 'None', 14000, 21, 0, 0, 0, 0),
(599, -2791.59, 130.58, 7.85938, -2795.75, 135.496, 6.90011, 89.5616, 'None', 10000, 21, 0, 0, 0, 0),
(600, -2792.04, 143.271, 10.0547, -2796.22, 145.655, 6.90023, 89.0749, 'None', 8000, 21, 0, 0, 0, 0),
(602, -2791.97, 194.574, 10.0547, -2796.02, 196.98, 6.89635, 89.0457, 'None', 14000, 13, 0, 0, 0, 0),
(603, -2791.59, 200.559, 7.85938, -2796.13, 206.095, 6.89635, 90.0771, 'None', 13000, 19, 0, 0, 0, 0),
(604, -2791.74, 212.002, 10.0547, -2796.32, 209.709, 6.89635, 88.8192, 'None', 14000, 21, 0, 0, 0, 0),
(605, -2791.6, 218.54, 7.85938, -2796.26, 224.084, 6.89861, 89.0448, 'None', 13000, 21, 0, 0, 0, 0),
(606, -2632, 274.589, 4.33477, -2637.76, 271.521, 4.04049, 88.668, 'None', 10000, 4, 0, 0, 0, 0),
(607, -2634.61, 261.16, 4.7643, -2637.73, 264.676, 4.03698, 88.9614, 'None', 14000, 13, 0, 0, 0, 0),
(608, -2630.92, 252.846, 7.1875, -2637.89, 250.02, 4.04049, 91.8226, 'None', 9000, 16, 0, 0, 0, 0),
(609, -2634.9, 239.731, 4.56547, -2637.8, 245.722, 4.03698, 91.332, 'None', 9000, 21, 0, 0, 0, 0),
(610, -2654.07, 200.239, 5, -2647.91, 205.037, 4.04449, 359.389, 'None', 10000, 1, 0, 0, 0, 0),
(611, -2660.73, 200.543, 7.19531, -2662.93, 204.912, 4.04481, 0.705543, 'None', 7000, 4, 0, 0, 0, 0),
(612, -2672.25, 200.233, 5, -2666.65, 204.799, 4.04479, 359.452, 'None', 8000, 19, 0, 0, 0, 0),
(613, -2678.16, 200.517, 7.19531, -2675.97, 204.549, 4.04479, 0.314035, 'None', 10000, 16, 0, 0, 0, 0),
(614, -2689.03, 197.825, 7.20312, -2691.98, 204.798, 4.04479, 1.37487, 'None', 11000, 12, 0, 0, 0, 0),
(615, -2639.4, 168.62, 7.19531, -2636.84, 164.82, 4.03697, 179.361, 'None', 7000, 1, 0, 0, 0, 0),
(616, -2627.84, 168.908, 5, -2632.98, 164.719, 4.03698, 179.133, 'None', 8000, 12, 0, 0, 0, 0),
(617, -2621.97, 168.543, 7.19531, -2621, 165.829, 4.03698, 88.992, 'None', 10000, 19, 0, 0, 0, 0),
(751, -1668.16, 2486.3, 87.1725, -1670.95, 2494.69, 86.8121, 269.874, 'None', 325000, 8, 0, 0, 0, 0),
(618, -2687.88, 137.08, 4.34258, -2693.93, 134.261, 4.04479, 90.8932, 'None', 7000, 19, 0, 0, 0, 0),
(619, -2690.48, 123.763, 4.77144, -2693.87, 127.689, 4.04479, 88.6487, 'None', 13000, 21, 0, 0, 0, 0),
(620, -2686.8, 115.51, 7.19531, -2693.74, 112.968, 4.04842, 89.5558, 'None', 8000, 4, 0, 0, 0, 0),
(621, -2690.78, 102.354, 4.57118, -2693.67, 108.92, 4.04479, 90.3802, 'None', 9000, 1, 0, 0, 0, 0),
(622, -2689.58, 96.3162, 7.20312, -2693.62, 98.9182, 4.04479, 89.5053, 'None', 12000, 13, 0, 0, 0, 0),
(623, -2689.57, 74.5093, 7.20312, -2693.96, 76.4788, 4.0501, 90.3611, 'None', 12000, 19, 0, 0, 0, 0),
(624, -2690.5, 64.5364, 4.75952, -2693.96, 68.5319, 4.04483, 89.9576, 'None', 11000, 21, 0, 0, 0, 0),
(625, -2689.4, 57.0855, 7.20312, -2698.9, 55.7007, 4.04479, 359.699, 'None', 7000, 21, 0, 0, 0, 0),
(626, -2619.47, 57.6906, 4.33594, -2616.65, 51.6514, 4.04856, 270.085, 'None', 13000, 21, 0, 0, 0, 0),
(627, -2619.48, 67.908, 4.57005, -2616.29, 60.9002, 4.04856, 269.708, 'None', 8000, 21, 0, 0, 0, 0),
(628, -2622.38, 71.604, 4.33594, -2616.38, 75.1333, 4.04479, 269.286, 'None', 13000, 4, 0, 0, 0, 0),
(629, -2621.03, 96.7878, 5, -2616.05, 91.2706, 4.0467, 269.853, 'None', 9000, 21, 0, 0, 0, 0),
(630, -2620.75, 103.385, 7.20312, -2616.65, 105.648, 4.04479, 269.401, 'None', 12000, 4, 0, 0, 0, 0),
(631, -2621.03, 114.851, 5, -2616.46, 109.417, 4.04479, 269.998, 'None', 13000, 21, 0, 0, 0, 0),
(632, -2620.91, 120.815, 7.20312, -2616.68, 118.471, 4.04479, 269.13, 'None', 7000, 21, 0, 0, 0, 0),
(633, -2623.45, 131.748, 7.20312, -2616.36, 134.473, 4.04479, 268.877, 'None', 7000, 13, 0, 0, 0, 0),
(634, -2641.28, 935.718, 71.9531, -2635.98, 933.053, 71.5656, 179.969, 'None', 294000, 2, 0, 0, 0, 0),
(635, -2671.3, 927.425, 79.7031, -2665.17, 913.462, 79.3844, 179.811, 'None', 329000, 8, 0, 0, 0, 0),
(636, -2660.06, 876.333, 79.7738, -2680.11, 868.064, 76.1471, 359.334, 'None', 187000, 2, 0, 0, 0, 0),
(637, -2706.63, 864.452, 70.7031, -2711.53, 871.032, 70.412, 89.9869, 'None', 284000, 8, 0, 0, 0, 0),
(638, -2720.86, 923.983, 67.5938, -2721.42, 915.896, 67.3062, 88.8123, 'None', 295000, 8, 0, 0, 0, 0),
(639, -2710.73, 967.47, 54.4609, -2721.25, 976.463, 54.1731, 1.48385, 'None', 93000, 20, 0, 0, 0, 0),
(640, -2655.47, 985.785, 64.9913, -2664.3, 988.526, 64.6407, 358.661, 'None', 136000, 8, 0, 0, 0, 0),
(641, -2034.32, 901.47, 50.5027, -2047.89, 899.786, 53.1634, 355.719, 'None', 56000, 21, 0, 0, 0, 0),
(642, -2059.01, 889.366, 61.8567, -2054.82, 903.655, 54.2731, 271.178, 'None', 45000, 7, 0, 0, 0, 0),
(643, -2657.39, 848.61, 64.0078, -2651.36, 855.466, 63.7185, 320.674, 'None', 271000, 8, 0, 0, 0, 0),
(644, -2075.18, 898.759, 64.1328, -2077.8, 901.937, 63.8417, 358.658, 'None', 58000, 18, 0, 0, 0, 0),
(645, -2084.65, 898.639, 64.1328, -2081.66, 901.064, 63.8417, 358.903, 'None', 79000, 21, 0, 0, 0, 0),
(646, -2099.51, 897.361, 76.7109, -2105.26, 893.058, 76.412, 1.41014, 'None', 176000, 2, 0, 0, 0, 0),
(647, -2116.89, 927.827, 86.0791, -2132.56, 930.309, 79.7088, 0.354981, 'None', 171000, 8, 0, 0, 0, 0),
(648, -2523.85, 2238.81, 5.39844, -2529, 2249.93, 4.68852, 335.638, 'None', 35000, 18, 0, 0, 0, 0),
(649, -2552.09, 2266.45, 5.47552, -2553.6, 2272.21, 4.75066, 333.74, 'None', 65000, 21, 0, 0, 0, 0),
(650, -2583.13, 2300.29, 7.00288, -2567.78, 2297.7, 4.69636, 197.89, 'None', 47000, 7, 0, 0, 0, 0),
(651, -2583.73, 2307.76, 7.00288, -2570.84, 2314.08, 4.69323, 184.061, 'None', 30000, 21, 0, 0, 0, 0),
(652, -2627.64, 2283.38, 8.31487, -2621.63, 2278.28, 7.9901, 358.741, 'None', 147000, 2, 0, 0, 0, 0),
(653, -2627.63, 2292.08, 8.31486, -2621.53, 2287.88, 7.9901, 0.205584, 'None', 110000, 8, 0, 0, 0, 0),
(654, -2627.58, 2309.93, 8.31442, -2621.43, 2305.21, 7.99381, 359.857, 'None', 111000, 2, 0, 0, 0, 0),
(655, -2627.58, 2318.76, 8.31442, -2621.3, 2314.05, 7.99195, 360, 'None', 134000, 8, 0, 0, 0, 0),
(656, -2636.21, 2351.02, 8.48874, -2621.62, 2346.89, 8.1978, 0.00193, 'None', 86000, 2, 0, 0, 0, 0),
(657, -2627.4, 2359.52, 8.98727, -2621.59, 2361.58, 8.55208, 0.001951, 'None', 146000, 8, 0, 0, 0, 0),
(658, -2634.83, 2401.69, 11.2197, -2620.15, 2397.31, 11.1341, 352.314, 'None', 96000, 20, 0, 0, 0, 0),
(659, -2629.97, 2426.96, 14.1142, -2616.05, 2420.03, 13.8378, 348.629, 'None', 133000, 2, 0, 0, 0, 0),
(660, -2597.31, 2364.63, 9.88299, -2608.32, 2365.38, 8.72845, 357.869, 'None', 51000, 7, 0, 0, 0, 0),
(661, -2597.31, 2357.15, 9.88299, -2608.01, 2355.32, 8.38468, 359.168, 'None', 70000, 18, 0, 0, 0, 0),
(662, -2479.93, 2449.91, 17.323, -2483.98, 2437.9, 16.0066, 108.536, 'None', 44000, 21, 0, 0, 0, 0),
(663, -2472.4, 2451.34, 17.323, -2465.83, 2441.08, 15.2536, 96.9651, 'None', 70000, 21, 0, 0, 0, 0),
(664, -2424.77, 2449.05, 13.1392, -2427.72, 2442.34, 13.1293, 91.2973, 'None', 35000, 21, 0, 0, 0, 0),
(665, -2386.21, 2447.49, 10.1694, -2391.16, 2437.14, 10.0309, 70.8303, 'None', 40000, 7, 0, 0, 0, 0),
(666, -2379.21, 2444.62, 10.1694, -2376.84, 2432.94, 8.69403, 62.7192, 'None', 58000, 18, 0, 0, 0, 0),
(667, -2348.37, 2423.6, 7.32949, -2356.48, 2419.38, 7.00883, 54.9361, 'None', 39000, 18, 0, 0, 0, 0),
(668, -2398.11, 2408.9, 8.91049, -2388.76, 2420.35, 9.27044, 69.569, 'None', 30000, 21, 0, 0, 0, 0),
(669, -2421.72, 2406.57, 13.0252, -2422, 2426.36, 12.6967, 90.6307, 'None', 73000, 21, 0, 0, 0, 0),
(670, -2437.52, 2354.93, 5.44307, -2426.2, 2346.8, 4.68314, 191.993, 'None', 74000, 21, 0, 0, 0, 0),
(671, -910.927, 2685.95, 42.3703, -903.9, 2688.77, 42.0791, 46.5729, 'None', 318000, 2, 0, 0, 0, 0),
(672, -683.93, 939.547, 13.6328, -679.932, 949.204, 11.8417, 88.711, 'None', 263000, 2, 0, 0, 0, 0),
(673, -692.312, 939.56, 13.6328, -690.43, 957.061, 11.8972, 89.3366, 'None', 307000, 8, 0, 0, 0, 0),
(674, 1845.44, 741.155, 11.4609, 1848.33, 734.298, 11.1602, 269.566, 'None', 12000, 1, 0, 0, 0, 0),
(675, 1844, 718.681, 11.4683, 1848.73, 726.626, 11.1052, 269.125, 'None', 10000, 4, 0, 0, 0, 0),
(676, 1844.53, 690.243, 11.4531, 1851.33, 699.041, 10.9934, 269.786, 'None', 10000, 12, 0, 0, 0, 0),
(677, 1845.44, 661.041, 11.4609, 1848.07, 654.255, 11.1673, 269.093, 'None', 11000, 13, 0, 0, 0, 0),
(678, 2014, 650.406, 11.4609, 2006.08, 657.938, 10.9574, 357.93, 'None', 12000, 14, 0, 0, 0, 0),
(679, 2043.33, 651.311, 11.4609, 2050.39, 654.183, 11.1595, 359.516, 'None', 13000, 14, 0, 0, 0, 0),
(680, 2065.75, 649.864, 11.4683, 2058.04, 654.645, 11.1042, 1.32524, 'None', 11000, 15, 0, 0, 0, 0),
(681, 2094.08, 650.405, 11.4609, 2086.41, 658.134, 10.9455, 1.23354, 'None', 8000, 13, 0, 0, 0, 0),
(682, 2123.25, 651.312, 11.4609, 2130.55, 653.562, 11.1698, 358.401, 'None', 7000, 16, 0, 0, 0, 0),
(683, 2120.42, 696.09, 11.4531, 2128.62, 687.154, 10.8442, 179.566, 'None', 8000, 19, 0, 0, 0, 0),
(684, 2091.27, 695.189, 11.4609, 2083.89, 692.4, 11.1611, 179.097, 'None', 12000, 1, 0, 0, 0, 0),
(685, 2068.92, 696.629, 11.4683, 2076.7, 691.549, 11.0948, 179.616, 'None', 8000, 16, 0, 0, 0, 0),
(686, 2040.7, 696.095, 11.4531, 2048.42, 688.091, 10.9167, 182.357, 'None', 8000, 4, 0, 0, 0, 0),
(687, 2011.49, 695.189, 11.4609, 2003.85, 692.301, 11.1556, 177.358, 'None', 10000, 12, 0, 0, 0, 0),
(688, 2013.23, 730.365, 11.4531, 2006.11, 738.693, 10.8974, 359.077, 'None', 12000, 12, 0, 0, 0, 0),
(689, 2042.66, 731.273, 11.4609, 2049.54, 734.253, 11.1566, 0.992686, 'None', 12000, 13, 0, 0, 0, 0),
(690, 2064.96, 729.823, 11.4683, 2056.91, 734.377, 11.1096, 0.213306, 'None', 13000, 14, 0, 0, 0, 0),
(691, 2093.35, 730.367, 11.4531, 2085.14, 737.291, 10.9896, 0.143101, 'None', 7000, 15, 0, 0, 0, 0),
(692, 2122.57, 731.383, 11.4609, 2129.75, 734.088, 11.1602, 357.458, 'None', 13000, 16, 0, 0, 0, 0),
(693, 2123.29, 776.102, 11.4453, 2131.64, 767.675, 10.8722, 178.949, 'None', 9000, 19, 0, 0, 0, 0),
(694, 2094.16, 775.196, 11.4531, 2086.65, 772.613, 11.1579, 179.425, 'None', 10000, 21, 0, 0, 0, 0),
(695, 2071.63, 776.638, 11.4605, 2079.29, 771.606, 11.0885, 180.015, 'None', 8000, 21, 0, 0, 0, 0),
(696, 2043.17, 776.103, 11.4531, 2051.79, 768.665, 10.95, 179.146, 'None', 9000, 21, 0, 0, 0, 0),
(697, 2178.08, 655.994, 11.4609, 2186.59, 652.164, 11.1294, 182.261, 'None', 12000, 4, 0, 0, 0, 0),
(698, 2206.38, 656.629, 11.4683, 2213.72, 650.159, 11.0396, 179.66, 'None', 13000, 21, 0, 0, 0, 0),
(699, 2228.86, 655.182, 11.4609, 2221.89, 651.913, 11.1472, 179.521, 'None', 14000, 19, 0, 0, 0, 0),
(700, 2258.11, 655.972, 11.4531, 2266.68, 651.41, 11.0955, 181.786, 'None', 10000, 21, 0, 0, 0, 0),
(701, 2177.23, 690.353, 11.4609, 2168.93, 694.792, 11.1089, 4.46674, 'None', 7000, 21, 0, 0, 0, 0),
(702, 2206.41, 691.25, 11.4609, 2213.18, 693.393, 11.1697, 1.33215, 'None', 8000, 19, 0, 0, 0, 0),
(703, 2228.61, 689.807, 11.4605, 2220.76, 694.747, 11.0907, 0.672272, 'None', 13000, 4, 0, 0, 0, 0),
(704, 2256.91, 690.343, 11.4531, 2248.37, 694.093, 11.1242, 2.22363, 'None', 10000, 21, 0, 0, 0, 0),
(705, 2169.36, 772.322, 11.4609, 2166.11, 779.157, 11.1492, 89.746, 'None', 12000, 4, 0, 0, 0, 0),
(706, 2177.61, 736.102, 11.4609, 2185.94, 732.65, 11.1437, 181.481, 'None', 14000, 21, 0, 0, 0, 0),
(707, 2205.95, 736.637, 11.4683, 2213.64, 730.725, 11.0656, 178.338, 'None', 8000, 4, 0, 0, 0, 0),
(708, 2228.36, 735.205, 11.4609, 2221.28, 731.299, 11.1264, 179.666, 'None', 11000, 19, 0, 0, 0, 0),
(709, 2257.61, 736.11, 11.4609, 2265.5, 732.391, 11.1372, 181.631, 'None', 7000, 21, 0, 0, 0, 0),
(710, 2317.94, 656.1, 11.4531, 2326.18, 651.8, 11.1063, 181.712, 'None', 12000, 19, 0, 0, 0, 0),
(711, 2346.19, 656.638, 11.4605, 2354.06, 651.382, 11.0799, 179.99, 'None', 9000, 21, 0, 0, 0, 0),
(712, 2368.38, 655.209, 11.4609, 2361.22, 651.797, 11.1421, 179.299, 'None', 10000, 19, 0, 0, 0, 0),
(713, 2397.54, 656.107, 11.4609, 2405.56, 652.093, 11.1258, 181.755, 'None', 14000, 21, 0, 0, 0, 0),
(714, 2450.27, 662.585, 11.4609, 2446.73, 654.56, 11.1425, 91.3646, 'None', 8000, 4, 0, 0, 0, 0),
(715, 2449.22, 689.824, 11.4609, 2452.73, 697.58, 11.1698, 88.7399, 'None', 10000, 4, 0, 0, 0, 0),
(716, 2450.81, 714.342, 11.4683, 2444.82, 706.337, 11.0603, 90.7887, 'None', 10000, 19, 0, 0, 0, 0),
(717, 2450.27, 742.65, 11.4609, 2446.27, 734.402, 11.1251, 91.5135, 'None', 9000, 21, 0, 0, 0, 0),
(718, 2398.32, 736.1, 11.4609, 2406.47, 731.909, 11.1193, 180.543, 'None', 13000, 4, 0, 0, 0, 0),
(719, 2369.15, 735.196, 11.4609, 2362.19, 732.024, 11.151, 179.141, 'None', 13000, 4, 0, 0, 0, 0),
(720, 2346.62, 736.634, 11.4683, 2354.54, 731.292, 11.0838, 181.006, 'None', 8000, 4, 0, 0, 0, 0),
(721, 2317.16, 690.352, 11.4609, 2308.83, 694.159, 11.1311, 2.25925, 'None', 9000, 4, 0, 0, 0, 0),
(722, 2346.44, 691.258, 11.4609, 2353.43, 694.001, 11.1645, 359.415, 'None', 7000, 21, 0, 0, 0, 0),
(723, 2368.55, 689.802, 11.4605, 2360.79, 695.836, 11.0512, 359.981, 'None', 12000, 4, 0, 0, 0, 0),
(724, 2396.84, 690.345, 11.4531, 2388.57, 694.433, 11.1142, 1.07018, 'None', 9000, 4, 0, 0, 0, 0),
(725, 1030.81, 1848.07, 11.4683, 1022.83, 1841.09, 10.941, 87.162, 'None', 9000, 13, 0, 0, 0, 0),
(726, 1030.37, 1876.39, 11.4688, 1024.18, 1868.33, 11.0556, 88.8324, 'None', 14000, 1, 0, 0, 0, 0),
(727, 1029.37, 1905.9, 11.4609, 1025.06, 1912.96, 11.1133, 88.5239, 'None', 7000, 4, 0, 0, 0, 0),
(728, 1030.81, 1928.09, 11.4683, 1025.16, 1919.97, 11.0732, 88.2115, 'None', 13000, 19, 0, 0, 0, 0),
(729, 1030.27, 1976.13, 11.4688, 1024.1, 1967.85, 11.0548, 89.8539, 'None', 13000, 21, 0, 0, 0, 0),
(730, 1029.37, 2005.6, 11.4609, 1024.91, 2012.47, 11.1093, 88.6985, 'None', 10000, 21, 0, 0, 0, 0),
(731, 1030.81, 2028.11, 11.4683, 1024.97, 2020.32, 11.0693, 90.5674, 'None', 10000, 21, 0, 0, 0, 0),
(732, 985.414, 2000.55, 11.4609, 989.158, 1993.57, 11.1327, 271.651, 'None', 8000, 21, 0, 0, 0, 0),
(733, 984.507, 2030.1, 11.4688, 988.194, 2038.47, 11.1433, 272.11, 'None', 13000, 21, 0, 0, 0, 0),
(734, 983.972, 1978.29, 11.4683, 989.492, 1986.05, 11.0796, 271.285, 'None', 11000, 21, 0, 0, 0, 0),
(735, 984.702, 1930.65, 11.4688, 991.123, 1938.73, 11.0424, 270.026, 'None', 10000, 21, 0, 0, 0, 0),
(736, 985.413, 1901.12, 11.4609, 990.466, 1894.04, 11.089, 269.823, 'None', 11000, 21, 0, 0, 0, 0),
(737, 983.976, 1878.91, 11.4683, 990.338, 1886.65, 11.041, 267.083, 'None', 8000, 21, 0, 0, 0, 0),
(738, 930.81, 1928.14, 11.4683, 925.026, 1920.23, 11.0687, 90.0069, 'None', 7000, 1, 0, 0, 0, 0),
(739, 885.414, 1980.59, 11.4609, 889.923, 1973.66, 11.108, 270.112, 'None', 11000, 4, 0, 0, 0, 0),
(740, 929.064, 2006.48, 11.4609, 933.18, 2011.11, 11.1698, 89.6529, 'None', 14000, 13, 0, 0, 0, 0),
(741, 930.81, 2027.9, 11.4683, 925.074, 2019.84, 11.0707, 90.636, 'None', 8000, 13, 0, 0, 0, 0),
(742, 885.413, 2047.15, 11.4609, 889.396, 2040.3, 11.1253, 269.605, 'None', 7000, 1, 0, 0, 0, 0),
(743, 1083.96, 2031.73, 11.4683, 1090.09, 2039.59, 11.0535, 268.707, 'None', 11000, 4, 0, 0, 0, 0),
(744, 1085.41, 2000.93, 11.4609, 1087.19, 1993.76, 11.1698, 269.797, 'None', 7000, 19, 0, 0, 0, 0),
(745, 1084.51, 1976.69, 11.4688, 1088.72, 1985.2, 11.1239, 271.342, 'None', 8000, 21, 0, 0, 0, 0),
(746, 956.999, 2270.27, 11.4688, 948.613, 2274.35, 11.1299, 0.122371, 'None', 11000, 19, 0, 0, 0, 0),
(747, 986.424, 2271.25, 11.4609, 993.385, 2274.94, 11.1339, 359.892, 'None', 11000, 21, 0, 0, 0, 0),
(748, 984.467, 2343.69, 11.4688, 988.798, 2351.65, 11.1239, 268.11, 'None', 7000, 21, 0, 0, 0, 0),
(749, 985.476, 2314.21, 11.4609, 989.421, 2307.38, 11.127, 271.839, 'None', 13000, 21, 0, 0, 0, 0),
(750, 1032.54, 2316.65, 11.4683, 1040.17, 2311.28, 11.086, 180.16, 'None', 11000, 21, 0, 0, 0, 0),
(752, -362.839, 1110.53, 20.9399, -365.375, 1103.03, 19.4563, 269.055, 'None', 65000, 7, 0, 0, 0, 0),
(753, -360.844, 1141.77, 20.9399, -372.856, 1127.63, 19.4245, 269.913, 'None', 76000, 18, 0, 0, 0, 0),
(754, -369.827, 1169.49, 20.2719, -360.498, 1197.68, 19.4447, 178.513, 'None', 168000, 2, 0, 0, 0, 0),
(755, -324.401, 1165.67, 20.9399, -340.263, 1177.05, 19.4453, 180.876, 'None', 10000, 4, 0, 0, 0, 0),
(756, -290.846, 1176.75, 20.9399, -305.333, 1162.95, 19.3791, 270.09, 'None', 14000, 15, 0, 0, 0, 0),
(757, -258.249, 1168.99, 20.9399, -248.175, 1184.34, 19.4498, 88.1005, 'None', 10000, 4, 0, 0, 0, 0),
(758, -258.249, 1150.97, 20.9399, -255.946, 1158.65, 19.4563, 89.4484, 'None', 8000, 12, 0, 0, 0, 0),
(759, -260.239, 1120.1, 20.9399, -259.275, 1133.18, 19.4134, 90.015, 'None', 11000, 13, 0, 0, 0, 0),
(760, -258.78, 1083.07, 20.9399, -245.342, 1081.18, 19.4234, 359.562, 'None', 9000, 14, 0, 0, 0, 0),
(761, -258.248, 1043.83, 20.9399, -257.012, 1058.37, 19.4544, 89.6301, 'None', 7000, 15, 0, 0, 0, 0),
(762, -278.797, 1003.07, 20.9399, -265.583, 999.741, 19.4393, 0.920728, 'None', 10000, 16, 0, 0, 0, 0),
(763, -247.876, 1001.08, 20.9399, -239.759, 1000.36, 19.4581, 359.295, 'None', 14000, 19, 0, 0, 0, 0),
(764, -298.293, 1115.67, 20.9399, -306.3, 1116.68, 19.4581, 177.759, 'None', 10000, 21, 0, 0, 0, 0),
(765, -328.248, 1118.83, 20.9399, -327.769, 1133.59, 19.4538, 87.4512, 'None', 11000, 21, 0, 0, 0, 0),
(766, -36.0959, 1115.67, 20.9399, -51.1102, 1116.78, 19.4535, 179.652, 'None', 8000, 12, 0, 0, 0, 0),
(767, -18.3839, 1115.67, 20.9399, -25.635, 1118.29, 19.4563, 178.964, 'None', 12000, 21, 0, 0, 0, 0),
(768, 12.7674, 1113.67, 20.9399, -0.689212, 1117.29, 19.4425, 180.148, 'None', 12000, 21, 0, 0, 0, 0),
(769, 1.75285, 1076.1, 20.9399, 4.01598, 1083.58, 19.4563, 89.2035, 'None', 7000, 4, 0, 0, 0, 0),
(770, -45.0918, 1081.08, 20.9399, -30.1522, 1079.95, 19.4536, 1.3728, 'None', 13000, 13, 0, 0, 0, 0),
(771, -32.2701, 1038.67, 20.9399, -44.9343, 1040.49, 19.4227, 182.548, 'None', 13000, 14, 0, 0, 0, 0),
(772, -127.428, 974.41, 19.8516, -130.484, 980.397, 19.469, 270.154, 'None', 4000, 6, 0, 0, 0, 0),
(773, -92.6408, 970.011, 19.9816, -96.9422, 976.284, 19.5082, 269.971, 'None', 4000, 10, 0, 0, 0, 0),
(774, -66.9574, 971.54, 19.8864, -64.1842, 975.345, 19.5352, 91.3429, 'None', 4000, 11, 0, 0, 0, 0),
(775, -37.6837, 962.493, 20.0512, -32.1625, 961.374, 19.3232, 2.46765, 'None', 4000, 17, 0, 0, 0, 0),
(776, -12.8417, 974.886, 19.7973, -8.08669, 970.803, 19.4898, 359.394, 'None', 3000, 21, 0, 0, 0, 0),
(777, -4.02922, 950.984, 19.7031, -10.2557, 948.52, 19.3246, 356.903, 'None', 3000, 21, 0, 0, 0, 0),
(778, 22.6885, 968.135, 19.8393, 15.0157, 965.481, 19.5933, 354.831, 'None', 3000, 21, 0, 0, 0, 0),
(779, 20.704, 948.832, 20.3168, 12.3723, 947.239, 19.6155, 1.13169, 'None', 3000, 21, 0, 0, 0, 0),
(780, 31.4218, 923.79, 23.6009, 18.0841, 924.541, 23.3386, 193.166, 'None', 4000, 0, 0, 0, 0, 0),
(781, 17.7739, 908.969, 23.9581, 28.7586, 907.681, 23.7375, 10.4437, 'None', 3000, 11, 0, 0, 0, 0),
(782, 70.3883, 973.814, 15.7704, 73.4353, 974.844, 15.3689, 177.597, 'None', 3000, 6, 0, 0, 0, 0),
(783, 64.9881, 1005.23, 13.7605, 62.0608, 992.079, 14.2688, 269.255, 'None', 3000, 10, 0, 0, 0, 0),
(784, -15.5011, 934.293, 21.1059, -6.44564, 935.39, 20.9032, 175.8, 'None', 3000, 17, 0, 0, 0, 0),
(785, -56.5094, 935.261, 21.2074, -47.6845, 934.187, 20.4577, 0.808015, 'None', 4000, 21, 0, 0, 0, 0),
(786, -54.6652, 918.717, 22.3715, -54.7208, 923.648, 21.6542, 94.2854, 'None', 4000, 21, 0, 0, 0, 0),
(787, -52.982, 894.153, 22.3871, -44.7139, 893.3, 21.8773, 5.63765, 'None', 3000, 17, 0, 0, 0, 0),
(788, -86.683, 915.666, 21.1087, -90.7499, 912.069, 20.8872, 358.597, 'None', 3000, 21, 0, 0, 0, 0),
(789, -83.1459, 933.133, 20.6928, -79.1967, 935.078, 20.2505, 178.817, 'None', 4000, 21, 0, 0, 0, 0),
(790, -91.9292, 887.117, 21.2543, -95.9118, 878.545, 20.5632, 54.758, 'None', 3000, 21, 0, 0, 0, 0),
(791, -121.036, 857.508, 18.5824, -129.525, 856.111, 18.1496, 358.533, 'None', 4000, 21, 0, 0, 0, 0),
(792, -122.995, 874.794, 18.7309, -131.929, 873.336, 18.1548, 0.676288, 'None', 4000, 0, 0, 0, 0, 0),
(793, -152.526, 881.777, 18.4401, -146.211, 886.253, 18.3736, 178.47, 'None', 3000, 10, 0, 0, 0, 0),
(794, -153.176, 907.104, 19.3012, -144.699, 908.134, 18.691, 175.34, 'None', 3000, 11, 0, 0, 0, 0),
(795, -123.42, 917.657, 19.9566, -117.457, 912.018, 19.7713, 112.686, 'None', 4000, 17, 0, 0, 0, 0),
(796, -151.254, 933.978, 19.7231, -142.742, 935.845, 19.1961, 181.007, 'None', 3000, 21, 0, 0, 0, 0),
(797, -2075.61, -2312.6, 31.1313, -2070.48, -2306.83, 30.3338, 53.4241, 'None', 46000, 21, 0, 0, 0, 0),
(798, -2045.16, -2522.34, 31.0668, -2038.17, -2527.11, 30.3339, 136.1, 'None', 3000, 11, 0, 0, 0, 0),
(799, -2031.32, -2538.95, 31.0668, -2026.93, -2531.32, 30.3364, 230.317, 'None', 4000, 17, 0, 0, 0, 0),
(800, -2042.45, -2558.76, 30.842, -2045.35, -2564.53, 30.3339, 42.4754, 'None', 3000, 21, 0, 0, 0, 0),
(801, -2068.82, -2561.7, 31.0668, -2072.66, -2569.02, 30.3364, 53.2299, 'None', 4000, 21, 0, 0, 0, 0),
(802, -2081.93, -2548.32, 30.842, -2079.11, -2542.47, 30.2982, 229.965, 'None', 4000, 21, 0, 0, 0, 0),
(803, -2052.98, -2544.6, 31.0668, -2057.9, -2542.12, 30.3339, 144.072, 'None', 3000, 21, 0, 0, 0, 0),
(804, -2075.37, -2526.25, 31.0668, -2070.07, -2519.12, 30.3317, 220.713, 'None', 3000, 21, 0, 0, 0, 0),
(805, -2058.07, -2503.59, 31.0668, -2062.98, -2510.62, 30.3832, 44.8886, 'None', 4000, 21, 0, 0, 0, 0),
(806, -2069.35, -2495.16, 31.0668, -2073.16, -2502.5, 30.3409, 51.4505, 'None', 4000, 21, 0, 0, 0, 0),
(807, -2087.09, -2510.63, 31.0668, -2091.39, -2518.27, 30.2648, 50.4264, 'None', 3000, 21, 0, 0, 0, 0),
(808, -2101.09, -2532.67, 31.0668, -2106.44, -2539.74, 30.3389, 45.6242, 'None', 3000, 6, 0, 0, 0, 0),
(809, -2067.81, -2536.76, 30.842, -2069.54, -2531.79, 30.3339, 139.751, 'None', 3000, 17, 0, 0, 0, 0),
(810, -2132.68, -2510.95, 31.8163, -2126.06, -2502.76, 30.3279, 230.856, 'None', 11000, 1, 0, 0, 0, 0),
(811, -2161.48, -2535.53, 31.8163, -2149.39, -2544.36, 30.3259, 320.399, 'None', 7000, 4, 0, 0, 0, 0),
(812, -2181.07, -2519.95, 31.8163, -2169.04, -2528.41, 30.326, 320.903, 'None', 9000, 12, 0, 0, 0, 0),
(813, -2193.08, -2510.4, 31.8163, -2201.54, -2503.93, 30.3278, 322.554, 'None', 10000, 13, 0, 0, 0, 0),
(814, -2224.5, -2482.93, 31.8163, -2235.99, -2479.7, 30.892, 321.82, 'None', 11000, 14, 0, 0, 0, 0),
(815, -2213.98, -2451.85, 31.8163, -2205.36, -2440.07, 30.3256, 52.1395, 'None', 11000, 15, 0, 0, 0, 0),
(816, -2239.28, -2423.76, 32.7073, -2232.33, -2423.64, 31.2187, 231.48, 'None', 9000, 16, 0, 0, 0, 0),
(817, -2220.38, -2399.93, 32.5823, -2218.42, -2406.7, 31.0294, 230.434, 'None', 12000, 19, 0, 0, 0, 0),
(818, -2173.74, -2481.58, 31.8163, -2178.25, -2474.53, 30.326, 140.08, 'None', 9000, 21, 0, 0, 0, 0),
(819, 1550.61, 2846.08, 10.8265, 1543.69, 2835.19, 10.5292, 181.462, 'None', 306000, 8, 0, 0, 0, 0),
(820, 1575.9, 2844.17, 10.8203, 1580.55, 2841.45, 10.5292, 180.291, 'None', 130000, 2, 0, 0, 0, 0),
(821, 1565.47, 2793.58, 10.8203, 1556.02, 2786.57, 10.5292, 91.7324, 'None', 40000, 7, 0, 0, 0, 0),
(822, 1564.78, 2776.68, 10.8203, 1558.25, 2768.73, 10.5362, 91.2577, 'None', 44000, 18, 0, 0, 0, 0),
(823, 1565.47, 2757.02, 10.8203, 1556.33, 2750.29, 10.5292, 90.0487, 'None', 67000, 21, 0, 0, 0, 0),
(824, 1570.11, 2711.11, 10.8203, 1563.59, 2721.56, 10.5252, 359.918, 'None', 137000, 8, 0, 0, 0, 0),
(825, 1580.17, 2708.85, 10.8265, 1587.07, 2719.49, 10.5292, 0.844878, 'None', 195000, 20, 0, 0, 0, 0),
(826, 1601.06, 2708.85, 10.8265, 1608.73, 2719.89, 10.5292, 359.934, 'None', 118000, 8, 0, 0, 0, 0),
(827, 1627.21, 2710.76, 10.8203, 1622.38, 2714.12, 10.5292, 0, 'None', 278000, 2, 0, 0, 0, 0),
(828, 1556.17, 2658.52, 10.8203, 1548.28, 2665.09, 10.5362, 2.1172, 'None', 70000, 21, 0, 0, 0, 0),
(829, 1573.14, 2657.83, 10.8203, 1566.47, 2667.25, 10.5253, 2.01393, 'None', 58000, 21, 0, 0, 0, 0),
(830, 1607.61, 2679.29, 10.8203, 1601.17, 2671.51, 10.5362, 92.1779, 'None', 76000, 21, 0, 0, 0, 0),
(831, 1611.77, 2648.25, 10.8265, 1600.84, 2655.28, 10.5292, 91.0644, 'None', 166000, 20, 0, 0, 0, 0),
(832, 1652.47, 2708.85, 10.8265, 1659.19, 2719.25, 10.5292, 1.89816, 'None', 115000, 2, 0, 0, 0, 0),
(833, 1664.83, 2846.08, 10.8265, 1658.05, 2834.7, 10.5292, 182.633, 'None', 92000, 2, 0, 0, 0, 0),
(834, 1632.77, 2843.82, 10.8203, 1639.85, 2833.34, 10.5292, 179.709, 'None', 96000, 2, 0, 0, 0, 0),
(835, 1622.88, 2846.08, 10.8265, 1615.47, 2835.49, 10.5292, 180.396, 'None', 81000, 8, 0, 0, 0, 0),
(836, 1601.83, 2846.08, 10.8265, 1595.19, 2835.66, 10.5292, 180.873, 'None', 112000, 20, 0, 0, 0, 0),
(843, -65.1388, -1573.87, 2.61072, -60.9639, -1579.41, 2.31582, 140.03, 'None', 300000, 30, 0, 0, 0, 0);

-- --------------------------------------------------------

--
-- Структура таблицы `houses_objects`
--

CREATE TABLE `houses_objects` (
  `MySQL_ID` int(11) NOT NULL,
  `house_id` int(11) NOT NULL,
  `obj_ID` int(11) NOT NULL,
  `model` mediumint(9) NOT NULL,
  `cords` varchar(120) NOT NULL
) ENGINE=InnoDB DEFAULT CHARSET=utf8mb4;

--
-- Дамп данных таблицы `houses_objects`
--

INSERT INTO `houses_objects` (`MySQL_ID`, `house_id`, `obj_ID`, `model`, `cords`) VALUES
(0, 270, 8423, 0, '967.6619,-1830.9188,12.6061, 0.0, 0.0, 0.0'),
(1, 270, -1, 0, '967.6619,-1830.9188,12.6061, 0.0, 0.0, 0.0'),
(2, 270, -1, 0, '967.6619,-1830.9188,12.6061, 0.0, 0.0, 0.0');

-- --------------------------------------------------------

--
-- Структура таблицы `house_interiors`
--

CREATE TABLE `house_interiors` (
  `ID` int(11) NOT NULL,
  `enterCords` varchar(60) NOT NULL,
  `price` int(11) NOT NULL,
  `interior` tinyint(4) NOT NULL,
  `weather` tinyint(4) NOT NULL,
  `class` tinyint(4) NOT NULL,
  `room` tinyint(4) NOT NULL,
  `dressCords` varchar(60) NOT NULL,
  `freezCords` varchar(60) NOT NULL,
  `safeCords` varchar(60) NOT NULL
) ENGINE=InnoDB DEFAULT CHARSET=utf8mb4;

--
-- Дамп данных таблицы `house_interiors`
--

INSERT INTO `house_interiors` (`ID`, `enterCords`, `price`, `interior`, `weather`, `class`, `room`, `dressCords`, `freezCords`, `safeCords`) VALUES
(0, '225.71, 1021.44, 1084.01, 0.0', 0, 7, 10, 2, 0, '', '', ''),
(1, '2233.73,-1115.26,1050.88, 357.0', 0, 5, 11, 0, 2, '2231.56, -1112.23, 1050.28', '2235.54, -1111.95, 1049.78, -90.00', '2235.45, -1110.52, 1051.08, -90.00'),
(2, '2196.85,-1204.33, 1049.02, 86.0', 0, 6, 12, 1, 1, '2194.87, -1210.96, 1049.04', '2181.62, -1201.43, 1048.01, 90.00', '2195.50, -1214.47, 1048.91, 90.00'),
(3, '2317.80, -1026.76, 1050.21, 0.0', 0, 9, 12, 2, 1, '2316.14, -1010.60, 1054.88', '2317.40, -1010.59, 1049.15, -90.00', '2328.34, -1016.66, 1055.10, 180.00'),
(4, '2259.38, -1135.88, 1050.64, 270.0', 0, 10, 12, 0, 1, '2263.15, -1132.60, 1050.28', '2259.57, -1140.93, 1049.58, 90.00', '2270.16, -1132.56, 1050.63, 0.00'),
(5, '2365.25, -1135.59, 1050.88, 3.0', 0, 8, 12, 1, 4, '2363.76, -1127.46, 1050.85', '2374.50, -1135.40, 1049.81, -90.00', '2376.28, -1128.07, 1050.88, -90.00'),
(6, '2282.95, -1140.28, 1050.89, 0.0', 0, 11, 12, 0, 1, '2286.28, -1137.60, 1050.83', '2277.01, -1134.25, 1049.84, 90.00', '2286.08, -1136.58, 1050.31, -90.00'),
(7, '2218.40, -1076.26, 1050.48, 90.0', 0, 1, 12, 0, 4, '2215.87, -1074.67, 1050.43', '2207.17, -1078.04, 1049.43, -180.00', '2211.35, -1070.76, 1049.84, 0.00'),
(8, '243.71, 305.04, 999.14, 270.0', 0, 1, 8, 0, 4, '248.80, 303.92, 999.14', '244.36, 306.54, 998.09, 0.00', '243.91, 300.85, 998.65, 180.00'),
(9, '266.49, 304.97, 999.14, 270.0', 0, 2, 9, 0, 4, '270.67, 303.39, 999.15', '273.82, 303.52, 998.11, -90.00', '271.61, 308.79, 998.54, 0.00'),
(10, '2270.41, -1210.50, 1047.56, 87.0', 0, 10, 12, 1, 1, '2262.78, -1216.77, 1049.02', '2252.35, -1214.10, 1048.02, -180.00', '2263.16, -1220.97, 1049.67, -90.00'),
(11, '226.29, 1114.27, 1080.99, 270.0', 0, 5, 12, 2, 2, '233.77, 1113.10, 1085.00', '233.52, 1117.33, 1079.95, 90.40', '248.67, 1115.51, 1081.32, -90.00'),
(12, '223.12, 1287.07, 1082.14, 357.0', 0, 1, 12, 0, 4, '229.17, 1287.06, 1082.14', '220.47, 1291.46, 1081.06, 180.00', '234.24, 1288.83, 1082.68, -90.00'),
(13, '2324.38, -1149.54, 1050.71, 0.0', 0, 12, 12, 3, 3, '2332.64, -1144.46, 1054.36', '2334.29, -1144.06, 1049.68, 180.00', '2311.00, -1143.00, 1054.80, 180.00'),
(14, '140.24, 1365.92, 1083.85, 0.0', 0, 5, 12, 3, 2, '134.63, 1379.93, 1088.35', '153.77, 1378.26, 1082.82, 180.00', '147.88, 1365.45, 1083.68, -180.00'),
(15, '234.17, 1063.72, 1084.21, 0.0', 0, 6, 12, 3, 1, '235.55, 1079.47, 1087.81', '222.80, 1079.80, 1083.20, 90.00', '237.13, 1083.82, 1087.22, 0.00'),
(16, '261.00, 1284.29, 1080.25, 0.0', 0, 4, 12, 1, 4, '264.52, 1285.91, 1080.25', '266.89, 1295.56, 1079.27, 0.00', '258.42, 1285.06, 1081.08, -180.00'),
(17, '2237.52, -1081.64, 1049.02, 0.0', 0, 2, 12, 1, 4, '2235.87, -1073.89, 1049.02', '2240.22, -1070.65, 1047.95, 90.00', '2246.03, -1070.85, 1049.68, -89.98'),
(18, '260.72, 1237.23, 1084.25, 0.0', 0, 9, 12, 1, 1, '254.85, 1252.15, 1084.25', '259.69, 1248.02, 1083.20, 90.38', '255.42, 1257.44, 1084.96, 0.00'),
(19, '422.57, 2536.49, 10.00, 90.0', 0, 10, 12, 0, 1, '413.10, 2536.75, 10.00', '413.17, 2536.76, 8.93, 91.00', '421.14, 2543.28, 10.64, 0.00'),
(20, '324.31, -1578.98, 10.14, 180.0', 0, 5, 12, 3, 7, '304.42, -1581.09, 14.35', '315.26, -1584.56, 9.10, 180.00', '309.20, -1568.52, 15.00, 0.00'),
(21, '248.48, -6.28, 1501.00, 265.0', 0, 2, 12, 1, 2, '250.55, -8.77, 1501.00', '248.64, 0.05, 1500.05, 90.00', '255.55, -4.98, 1500.67, 0.00'),
(22, '243.40, 0.25, 1501.00, 270.0', 0, 12, 13, 1, 2, '250.55, -8.77, 1501.00', '248.64, 0.05, 1500.05, 90.00', '255.55, -4.98, 1500.67, 0.00'),
(23, '246.94, 4.57, 1501.04, 180.0', 0, 13, 2, 0, 2, '', '', ''),
(24, '248.9421,-5.7037,1501.0498, 0.0', 0, 14, 10, 1, 2, '', '', ''),
(25, '239.30, -2.38, 1500.99, 270.0', 0, 15, 8, 2, 3, '', '', ''),
(26, '-2138.94, -1400.26, 1.25, 270.0', 0, 16, 10, 3, 7, '', '', ''),
(27, '200.28, 4.90, 1501.00, 90.0', 0, 17, 1, 3, 4, '', '', ''),
(28, '1386.61, -24.76, 1000.92, 0.0', 0, 18, 12, 3, 4, '', '', ''),
(29, '237.83, -60.00, 1500.99, 270.0', 0, 19, 10, 3, 5, '', '', ''),
(30, '267.99, -2.81, 1500.99, 90.0', 0, 20, 0, 4, 1, '', '', ''),
(31, '249.10, 5.43, 1501.00, 180.0', 0, 21, 10, 1, 3, '', '', '');

--
-- Индексы сохранённых таблиц
--

--
-- Индексы таблицы `accounts`
--
ALTER TABLE `accounts`
  ADD PRIMARY KEY (`pMySQL_ID`);

--
-- Индексы таблицы `bank_deposits`
--
ALTER TABLE `bank_deposits`
  ADD PRIMARY KEY (`player`),
  ADD UNIQUE KEY `name` (`player`);

--
-- Индексы таблицы `cars`
--
ALTER TABLE `cars`
  ADD PRIMARY KEY (`MySQL_ID`);

--
-- Индексы таблицы `clothes`
--
ALTER TABLE `clothes`
  ADD UNIQUE KEY `pMySQLID` (`pMySQL_ID`,`pSkin`);

--
-- Индексы таблицы `farms`
--
ALTER TABLE `farms`
  ADD PRIMARY KEY (`farm_ID`);

--
-- Индексы таблицы `houses`
--
ALTER TABLE `houses`
  ADD PRIMARY KEY (`house_ID`);

--
-- Индексы таблицы `houses_objects`
--
ALTER TABLE `houses_objects`
  ADD PRIMARY KEY (`MySQL_ID`),
  ADD UNIQUE KEY `MySQL_ID` (`MySQL_ID`);

--
-- Индексы таблицы `house_interiors`
--
ALTER TABLE `house_interiors`
  ADD UNIQUE KEY `ID` (`ID`);

--
-- AUTO_INCREMENT для сохранённых таблиц
--

--
-- AUTO_INCREMENT для таблицы `accounts`
--
ALTER TABLE `accounts`
  MODIFY `pMySQL_ID` int(11) NOT NULL AUTO_INCREMENT, AUTO_INCREMENT=52;

--
-- AUTO_INCREMENT для таблицы `cars`
--
ALTER TABLE `cars`
  MODIFY `MySQL_ID` int(11) NOT NULL AUTO_INCREMENT, AUTO_INCREMENT=7;

--
-- AUTO_INCREMENT для таблицы `houses`
--
ALTER TABLE `houses`
  MODIFY `house_ID` int(11) NOT NULL AUTO_INCREMENT, AUTO_INCREMENT=844;
COMMIT;

/*!40101 SET CHARACTER_SET_CLIENT=@OLD_CHARACTER_SET_CLIENT */;
/*!40101 SET CHARACTER_SET_RESULTS=@OLD_CHARACTER_SET_RESULTS */;
/*!40101 SET COLLATION_CONNECTION=@OLD_COLLATION_CONNECTION */;
